Workbook

Sheet 员工业绩汇总表
A1: 员工业绩汇总表
A3: 序号 | B3: 产品名称 | C3: 单位 | D3: 单价 | E3: 销量 | F3: 销售额 | G3: 销售员
A4: 6 | B4: D产品 | C4: 箱 | D4: 2400 | E4: 15 | F4: =D4*E4 -> 36000 | G4: 周晓敏
A5: 19 | B5: B产品 | C5: 箱 | D5: 1230 | E5: 28 | F5: =D5*E5 -> 34440 | G5: 周晓敏
A6: 12 | B6: D产品 | C6: 箱 | D6: 2400 | E6: 23 | F6: =D6*E6 -> 55200 | G6: 张宝强
A7: 1 | B7: B产品 | C7: 箱 | D7: 1230 | E7: 5 | F7: =D7*E7 -> 6150 | G7: 张宝强
A8: 9 | B8: A产品 | C8: 台 | D8: 1589 | E8: 34 | F8: =D8*E8 -> 54026 | G8: 张宝强
A9: 16 | B9: A产品 | C9: 台 | D9: 1589 | E9: 25 | F9: =D9*E9 -> 39725 | G9: 张宝强
A10: 28 | B10: A产品 | C10: 台 | D10: 1589 | E10: 15 | F10: =D10*E10 -> 23835 | G10: 张宝强
A11: 20 | B11: A产品 | C11: 台 | D11: 1589 | E11: 10 | F11: =D11*E11 -> 15890 | G11: 张宝强
A12: 18 | B12: D产品 | C12: 箱 | D12: 2400 | E12: 24 | F12: =D12*E12 -> 57600 | G12: 王新林
A13: 21 | B13: D产品 | C13: 箱 | D13: 2400 | E13: 7 | F13: =D13*E13 -> 16800 | G13: 王新林
A14: 3 | B14: C产品 | C14: 盒 | D14: 856 | E14: 24 | F14: =D14*E14 -> 20544 | G14: 王新林
A15: 8 | B15: B产品 | C15: 箱 | D15: 1230 | E15: 26 | F15: =D15*E15 -> 31980 | G15: 王新林
... A33: 7 | B33: A产品 | C33: 台 | D33: 1589 | E33: 20 | F33: =D33*E33 -> 31780 | G33: 江丽丽

Sheet 考勤
A1: 请假人员 | B1: 请假时 | C1: 请假分 | D1: 请假秒 | E1: 请假起始时间 | F1: 请假结束时间 | G1: 请假时长/小时
A2: 周晓敏 | B2: 10 | C2: 0 | D2: 0 | E2: =TIME(B2,C2,D2) -> 0.41666667 | F2: 0.70833333 | G2: =HOUR(F2-E2) -> 7
A3: 张宝强 | B3: 11 | C3: 0 | D3: 0 | E3: =TIME(B3,C3,D3) -> 0.45833333 | F3: 0.625 | G3: =HOUR(F3-E3) -> 4
A4: 王新林 | B4: 14 | C4: 30 | D4: 0 | E4: =TIME(B4,C4,D4) -> 0.60416667 | F4: 0.72916667 | G4: =HOUR(F4-E4) -> 3
A5: 滕念 | B5: 15 | C5: 0 | D5: 0 | E5: =TIME(B5,C5,D5) -> 0.625 | F5: 0.875 | G5: =HOUR(F5-E5) -> 6
A6: 罗晓云 | B6: 15 | C6: 30 | D6: 0 | E6: =TIME(B6,C6,D6) -> 0.64583333 | F6: 0.9375 | G6: =HOUR(F6-E6) -> 7
A7: 江丽丽 | B7: 12 | C7: 0 | D7: 0 | E7: =TIME(B7,C7,D7) -> 0.5 | F7: 0.54166667 | G7: =HOUR(F7-E7) -> 1

Sheet 排序
A1: 序号 | B1: 产品名称 | C1: 单位 | D1: 单价 | E1: 销量 | F1: 销售额 | G1: 销售员
A2: 9 | B2: A产品 | C2: 台 | D2: 1589 | E2: 34 | F2: 54026 | G2: 张宝强
A3: 16 | B3: A产品 | C3: 台 | D3: 1589 | E3: 25 | F3: 39725 | G3: 张宝强
A4: 28 | B4: A产品 | C4: 台 | D4: 1589 | E4: 15 | F4: 23835 | G4: 张宝强
A5: 20 | B5: A产品 | C5: 台 | D5: 1589 | E5: 10 | F5: 15890 | G5: 张宝强
A6: 23 | B6: A产品 | C6: 台 | D6: 1589 | E6: 5 | F6: 7945 | G6: 滕念
A7: 14 | B7: A产品 | C7: 台 | D7: 1589 | E7: 11 | F7: 17479 | G7: 罗晓云
A8: 2 | B8: A产品 | C8: 台 | D8: 1589 | E8: 20 | F8: 31780 | G8: 江丽丽
A9: 7 | B9: A产品 | C9: 台 | D9: 1589 | E9: 20 | F9: 31780 | G9: 江丽丽
A10: 19 | B10: B产品 | C10: 箱 | D10: 1230 | E10: 28 | F10: 34440 | G10: 周晓敏
A11: 1 | B11: B产品 | C11: 箱 | D11: 1230 | E11: 5 | F11: 6150 | G11: 张宝强
A12: 8 | B12: B产品 | C12: 箱 | D12: 1230 | E12: 26 | F12: 31980 | G12: 王新林
A13: 27 | B13: B产品 | C13: 箱 | D13: 1230 | E13: 21 | F13: 25830 | G13: 王新林
... A31: 26 | B31: D产品 | C31: 箱 | D31: 2400 | E31: 5 | F31: 12000 | G31: 罗晓云

Sheet 员工业绩评价表
A1: 员工业绩评价表
A2: 销售员 | B2: 员工业绩 | C2: 业绩评价
A3: 周晓敏 | B3: =SUMIF(员工业绩汇总表!$G$4:$G$33,A3,员工业绩汇总表!$F$4:$F$33) -> 70440 | C3: =IF(B3>=160000,"优",IF(B3>=100000,"良",IF(B3>=80000,"中","差"))) -> 差
A4: 张宝强 | B4: =SUMIF(员工业绩汇总表!$G$4:$G$33,A4,员工业绩汇总表!$F$4:$F$33) -> 194826 | C4: =IF(B4>=160000,"优",IF(B4>=100000,"良",IF(B4>=80000,"中","差"))) -> 优
A5: 王新林 | B5: =SUMIF(员工业绩汇总表!$G$4:$G$33,A5,员工业绩汇总表!$F$4:$F$33) -> 162594 | C5: =IF(B5>=160000,"优",IF(B5>=100000,"良",IF(B5>=80000,"中","差"))) -> 优
A6: 滕念 | B6: =SUMIF(员工业绩汇总表!$G$4:$G$33,A6,员工业绩汇总表!$F$4:$F$33) -> 79515 | C6: =IF(B6>=160000,"优",IF(B6>=100000,"良",IF(B6>=80000,"中","差"))) -> 差
A7: 罗晓云 | B7: =SUMIF(员工业绩汇总表!$G$4:$G$33,A7,员工业绩汇总表!$F$4:$F$33) -> 94835 | C7: =IF(B7>=160000,"优",IF(B7>=100000,"良",IF(B7>=80000,"中","差"))) -> 中
A8: 江丽丽 | B8: =SUMIF(员工业绩汇总表!$G$4:$G$33,A8,员工业绩汇总表!$F$4:$F$33) -> 166830 | C8: =IF(B8>=160000,"优",IF(B8>=100000,"良",IF(B8>=80000,"中","差"))) -> 优

Sheet Sheet3
B3: 求和项:销售额 | D3: 单位
B4: 产品名称 | C4: 销售员 | D4: 盒 | E4: 台 | F4: 箱
B5: A产品 | C5: 江丽丽 | E5: 63560
C6: 罗晓云 | E6: 17479
C7: 滕念 | E7: 7945
C8: 张宝强 | E8: 133476
B9: B产品 | C9: 江丽丽 | F9: 94710
C10: 罗晓云 | F10: 51660
C11: 滕念 | F11: 18450
C12: 王新林 | F12: 67650
C13: 张宝强 | F13: 6150
C14: 周晓敏 | F14: 34440
B15: C产品 | C15: 江丽丽 | D15: 8560
C16: 罗晓云 | D16: 13696
C17: 滕念 | D17: 17120
C18: 王新林 | D18: 20544
B19: D产品 | C19: 罗晓云 | F19: 12000
C20: 滕念 | F20: 36000
C21: 王新林 | F21: 74400
C22: 张宝强 | F22: 55200
C23: 周晓敏 | F23: 36000
