Workbook
Name 成绩表: 成绩!$B$1:$L$24

Sheet 等级分析
A3: 计数项:学号 | B3: 等级
A4: 班级 | B4: A | C4: B | D4: C | E4: D | F4: 总计
A5: 八年级1班 | B5: 1 | C5: 4 | D5: 1 | F5: 6
A6: 八年级2班 | C6: 1 | D6: 5 | F6: 6
A7: 八年级3班 | C7: 2 | D7: 2 | E7: 1 | F7: 5
A8: 总计 | B8: 1 | C8: 7 | D8: 8 | E8: 1 | F8: 17

Sheet 成绩
A1: 长沙市XX学校初二年级期末考试成绩
A2: 学号 | B2: 姓名 | C2: 班级 | D2: 语文 | E2: 数学 | F2: 英语 | G2: 政治 | H2: 历史 | I2: 地理 | J2: 生物 | K2: 物理 | L2: 等级
A3: 20250101 | B3: 袁琳 | C3: ="八年级"&RIGHT(A3,1)&"班" -> 八年级1班 | D3: 81 | E3: 93 | F3: 83 | G3: 97 | H3: 75 | I3: 87 | J3: 89 | K3: 97 | L3: =IF(SUM(D3:K3)>=700,"A",IF(SUM(D3:K3)>=600,"B",IF(SUM(D3:K3)>=520,"C","D"))) -> A
A4: 20250201 | B4: 李道义 | C4: ="八年级"&RIGHT(A4,1)&"班" -> 八年级1班 | D4: 82 | E4: 87 | F4: 79 | G4: 89 | H4: 73 | I4: 70 | J4: 84 | K4: 71 | L4: =IF(SUM(D4:K4)>=700,"A",IF(SUM(D4:K4)>=600,"B",IF(SUM(D4:K4)>=520,"C","D"))) -> B
A5: 20250301 | B5: 万余元 | C5: ="八年级"&RIGHT(A5,1)&"班" -> 八年级1班 | D5: 85 | E5: 74 | F5: 79 | G5: 81 | H5: 68 | I5: 92 | J5: 92 | K5: 65 | L5: =IF(SUM(D5:K5)>=700,"A",IF(SUM(D5:K5)>=600,"B",IF(SUM(D5:K5)>=520,"C","D"))) -> B
A6: 20250401 | B6: 李晓丽 | C6: ="八年级"&RIGHT(A6,1)&"班" -> 八年级1班 | D6: 69 | E6: 69 | F6: 50 | G6: 82 | H6: 85 | I6: 87 | J6: 75 | K6: 93 | L6: =IF(SUM(D6:K6)>=700,"A",IF(SUM(D6:K6)>=600,"B",IF(SUM(D6:K6)>=520,"C","D"))) -> B
A7: 20250501 | B7: 李瑞阳 | C7: ="八年级"&RIGHT(A7,1)&"班" -> 八年级1班 | D7: 75 | E7: 79 | F7: 40 | G7: 85 | H7: 79 | I7: 74 | J7: 84 | K7: 81 | L7: =IF(SUM(D7:K7)>=700,"A",IF(SUM(D7:K7)>=600,"B",IF(SUM(D7:K7)>=520,"C","D"))) -> C
A8: 20250601 | B8: 张兆飞 | C8: ="八年级"&RIGHT(A8,1)&"班" -> 八年级1班 | D8: 64 | E8: 77 | F8: 45 | G8: 74 | H8: 70 | I8: 84 | J8: 98 | K8: 98 | L8: =IF(SUM(D8:K8)>=700,"A",IF(SUM(D8:K8)>=600,"B",IF(SUM(D8:K8)>=520,"C","D"))) -> B
A9: 20250702 | B9: 温媛婷 | C9: ="八年级"&RIGHT(A9,1)&"班" -> 八年级2班 | D9: 74 | E9: 78 | F9: 30 | G9: 68 | H9: 84 | I9: 66 | J9: 80 | K9: 97 | L9: =IF(SUM(D9:K9)>=700,"A",IF(SUM(D9:K9)>=600,"B",IF(SUM(D9:K9)>=520,"C","D"))) -> C
A10: 20250802 | B10: 王千禧 | C10: ="八年级"&RIGHT(A10,1)&"班" -> 八年级2班 | D10: 70 | E10: 48 | F10: 57 | G10: 80 | H10: 79 | I10: 75 | J10: 70 | K10: 93 | L10: =IF(SUM(D10:K10)>=700,"A",IF(SUM(D10:K10)>=600,"B",IF(SUM(D10:K10)>=520,"C","D"))) -> C
A11: 20250902 | B11: 唐一菲 | C11: ="八年级"&RIGHT(A11,1)&"班" -> 八年级2班 | D11: 71 | E11: 64 | F11: 50 | G11: 69 | H11: 72 | I11: 75 | J11: 66 | K11: 93 | L11: =IF(SUM(D11:K11)>=700,"A",IF(SUM(D11:K11)>=600,"B",IF(SUM(D11:K11)>=520,"C","D"))) -> C
A12: 20251002 | B12: 徐晓琴 | C12: ="八年级"&RIGHT(A12,1)&"班" -> 八年级2班 | D12: 63 | E12: 87 | F12: 74 | G12: 87 | H12: 67 | I12: 77 | J12: 74 | K12: 71 | L12: =IF(SUM(D12:K12)>=700,"A",IF(SUM(D12:K12)>=600,"B",IF(SUM(D12:K12)>=520,"C","D"))) -> B
A13: 20251102 | B13: 徐杨桥 | C13: ="八年级"&RIGHT(A13,1)&"班" -> 八年级2班 | D13: 76 | E13: 45 | F13: 48 | G13: 88 | H13: 73 | I13: 95 | J13: 70 | K13: 91 | L13: =IF(SUM(D13:K13)>=700,"A",IF(SUM(D13:K13)>=600,"B",IF(SUM(D13:K13)>=520,"C","D"))) -> C
A14: 20251202 | B14: 曾小贤 | C14: ="八年级"&RIGHT(A14,1)&"班" -> 八年级2班 | D14: 53 | E14: 57 | F14: 52 | G14: 67 | H14: 79 | I14: 88 | J14: 83 | K14: 96 | L14: =IF(SUM(D14:K14)>=700,"A",IF(SUM(D14:K14)>=600,"B",IF(SUM(D14:K14)>=520,"C","D"))) -> C
... A19: 20251703 | B19: 陈辉煌 | C19: ="八年级"&RIGHT(A19,1)&"班" -> 八年级3班 | D19: 57 | E19: 45 | F19: 69 | G19: 68 | H19: 83 | I19: 70 | J19: 87 | K19: 32 | L19: =IF(SUM(D19:K19)>=700,"A",IF(SUM(D19:K19)>=600,"B",IF(SUM(D19:K19)>=520,"C","D"))) -> D

Sheet 成绩分析
B1: 语文 | C1: 数学 | D1: 英语 | E1: 政治 | F1: 历史 | G1: 地理 | H1: 生物 | I1: 物理
A2: 平均分 | B2: =AVERAGE(成绩!D3:D19) -> 70.705882 | C2: =AVERAGE(成绩!E3:E19) -> 69.294118 | D2: =AVERAGE(成绩!F3:F19) -> 57.470588 | E2: =AVERAGE(成绩!G3:G19) -> 77.411765 | F2: =AVERAGE(成绩!H3:H19) -> 77.058824 | G2: =AVERAGE(成绩!I3:I19) -> 82.588235 | H2: =AVERAGE(成绩!J3:J19) -> 81.647059 | I2: =AVERAGE(成绩!K3:K19) -> 84.588235
A3: 最高分 | B3: =MAX(成绩!D3:D19) -> 85 | C3: =MAX(成绩!E3:E19) -> 93 | D3: =MAX(成绩!F3:F19) -> 85 | E3: =MAX(成绩!G3:G19) -> 97 | F3: =MAX(成绩!H3:H19) -> 91 | G3: =MAX(成绩!I3:I19) -> 95 | H3: =MAX(成绩!J3:J19) -> 98 | I3: =MAX(成绩!K3:K19) -> 98
A4: 最低分 | B4: =MIN(成绩!D3:D19) -> 53 | C4: =MIN(成绩!E3:E19) -> 36 | D4: =MIN(成绩!F3:F19) -> 30 | E4: =MIN(成绩!G3:G19) -> 67 | F4: =MIN(成绩!H3:H19) -> 67 | G4: =MIN(成绩!I3:I19) -> 66 | H4: =MIN(成绩!J3:J19) -> 65 | I4: =MIN(成绩!K3:K19) -> 32
A5: 及格人数 | B5: =COUNTIF(成绩!D3:D19,">=60") -> 15 | C5: =COUNTIF(成绩!E3:E19,">=60") -> 12 | D5: =COUNTIF(成绩!F3:F19,">=60") -> 6 | E5: =COUNTIF(成绩!G3:G19,">=60") -> 17 | F5: =COUNTIF(成绩!H3:H19,">=60") -> 17 | G5: =COUNTIF(成绩!I3:I19,">=60") -> 17 | H5: =COUNTIF(成绩!J3:J19,">=60") -> 17 | I5: =COUNTIF(成绩!K3:K19,">=60") -> 16
A6: 优秀人数 | B6: =COUNTIF(成绩!D3:D19,">=85") -> 2 | C6: =COUNTIF(成绩!E3:E19,">=85") -> 4 | D6: =COUNTIF(成绩!F3:F19,">=85") -> 1 | E6: =COUNTIF(成绩!G3:G19,">=85") -> 5 | F6: =COUNTIF(成绩!H3:H19,">=85") -> 3 | G6: =COUNTIF(成绩!I3:I19,">=85") -> 9 | H6: =COUNTIF(成绩!J3:J19,">=85") -> 7 | I6: =COUNTIF(成绩!K3:K19,">=85") -> 11

Sheet 等级计算规则
A1: 总分 | B1: 等级
A2: >=700 | B2: A
A3: >=600 | B3: B
A4: >=520 | B4: C
A5: <520 | B5: D
