Workbook

Sheet 数据透视表
A1: 求和项:合计应发工资 | B1: 列标签
A2: 行标签 | B2: A部门 | C2: B部门 | D2: C部门 | E2: 总计
A3: 敖燕星 | C3: 1950 | E3: 1950
A4: 程春绿 | C4: 2650 | E4: 2650
A5: 富梓玥 | C5: 2050 | E5: 2050
A6: 公芷秀 | D6: 2575 | E6: 2575
A7: 龚偌丝 | B7: 2619 | E7: 2619
A8: 贡念桃 | B8: 1875 | E8: 1875
A9: 贡笑白 | B9: 2433 | E9: 2433
A10: 家小凝 | B10: 5498 | E10: 5498
A11: 康津童 | C11: 2634 | E11: 2634
A12: 蒲琰琬 | D12: 2725 | E12: 2725
A13: 浦俨雅 | D13: 2715 | E13: 2715
A14: 瞿悦可 | D14: 2430 | E14: 2430
A15: 权恬欣 | C15: 2150 | E15: 2150
A16: 沈云霞 | D16: 2495 | E16: 2495
A17: 宋贞婉 | C17: 1849 | E17: 1849
A18: 毋代荷 | B18: 1975 | E18: 1975
A19: 幸平心 | C19: 2650 | E19: 2650
A20: 伊宛畅 | D20: 2530 | E20: 2530
A21: 总计 | B21: 14400 | C21: 15933 | D21: 15470 | E21: 45803

Sheet 员工加班统计表
A1: 各部门人员加班时长统计表
A2: 工号 | B2: 姓名 | C2: 部门 | D2: 基本工资 | E2: 加班小时数 | F2: 加班工资 | G2: 合计应发工资 | H2: 备注说明
A3: 001 | B3: 家小凝 | C3: A部门 | D3: 2700 | E3: =VLOOKUP(C3,加班时间!$A$1:$B$4,2) -> 2.5 | F3: =IF(C3="A部门",E3*30,IF(C3="B部门",E3*25,E3*20)) -> 75 | G3: =SUM(D3,F3) -> 2775 | H3: =IF(G3>=2500,"优秀","努力") -> 优秀
A4: 002 | B4: 伊宛畅 | C4: C部门 | D4: 2500 | E4: =VLOOKUP(C4,加班时间!$A$1:$B$4,2) -> 1.5 | F4: =IF(C4="A部门",E4*30,IF(C4="B部门",E4*25,E4*20)) -> 30 | G4: =SUM(D4,F4) -> 2530 | H4: =IF(G4>=2500,"优秀","努力") -> 优秀
A5: 003 | B5: 敖燕星 | C5: B部门 | D5: 1900 | E5: =VLOOKUP(C5,加班时间!$A$1:$B$4,2) -> 2 | F5: =IF(C5="A部门",E5*30,IF(C5="B部门",E5*25,E5*20)) -> 50 | G5: =SUM(D5,F5) -> 1950 | H5: =IF(G5>=2500,"优秀","努力") -> 努力
A6: 004 | B6: 幸平心 | C6: B部门 | D6: 2600 | E6: =VLOOKUP(C6,加班时间!$A$1:$B$4,2) -> 2 | F6: =IF(C6="A部门",E6*30,IF(C6="B部门",E6*25,E6*20)) -> 50 | G6: =SUM(D6,F6) -> 2650 | H6: =IF(G6>=2500,"优秀","努力") -> 优秀
A7: 005 | B7: 瞿悦可 | C7: C部门 | D7: 2400 | E7: =VLOOKUP(C7,加班时间!$A$1:$B$4,2) -> 1.5 | F7: =IF(C7="A部门",E7*30,IF(C7="B部门",E7*25,E7*20)) -> 30 | G7: =SUM(D7,F7) -> 2430 | H7: =IF(G7>=2500,"优秀","努力") -> 努力
A8: 006 | B8: 贡念桃 | C8: A部门 | D8: 1800 | E8: =VLOOKUP(C8,加班时间!$A$1:$B$4,2) -> 2.5 | F8: =IF(C8="A部门",E8*30,IF(C8="B部门",E8*25,E8*20)) -> 75 | G8: =SUM(D8,F8) -> 1875 | H8: =IF(G8>=2500,"优秀","努力") -> 努力
A9: 007 | B9: 程春绿 | C9: B部门 | D9: 2600 | E9: =VLOOKUP(C9,加班时间!$A$1:$B$4,2) -> 2 | F9: =IF(C9="A部门",E9*30,IF(C9="B部门",E9*25,E9*20)) -> 50 | G9: =SUM(D9,F9) -> 2650 | H9: =IF(G9>=2500,"优秀","努力") -> 优秀
A10: 008 | B10: 公芷秀 | C10: C部门 | D10: 2545 | E10: =VLOOKUP(C10,加班时间!$A$1:$B$4,2) -> 1.5 | F10: =IF(C10="A部门",E10*30,IF(C10="B部门",E10*25,E10*20)) -> 30 | G10: =SUM(D10,F10) -> 2575 | H10: =IF(G10>=2500,"优秀","努力") -> 优秀
A11: 009 | B11: 龚偌丝 | C11: A部门 | D11: 2544 | E11: =VLOOKUP(C11,加班时间!$A$1:$B$4,2) -> 2.5 | F11: =IF(C11="A部门",E11*30,IF(C11="B部门",E11*25,E11*20)) -> 75 | G11: =SUM(D11,F11) -> 2619 | H11: =IF(G11>=2500,"优秀","努力") -> 优秀
A12: 010 | B12: 宋贞婉 | C12: B部门 | D12: 1799 | E12: =VLOOKUP(C12,加班时间!$A$1:$B$4,2) -> 2 | F12: =IF(C12="A部门",E12*30,IF(C12="B部门",E12*25,E12*20)) -> 50 | G12: =SUM(D12,F12) -> 1849 | H12: =IF(G12>=2500,"优秀","努力") -> 努力
A13: 011 | B13: 沈云霞 | C13: C部门 | D13: 2465 | E13: =VLOOKUP(C13,加班时间!$A$1:$B$4,2) -> 1.5 | F13: =IF(C13="A部门",E13*30,IF(C13="B部门",E13*25,E13*20)) -> 30 | G13: =SUM(D13,F13) -> 2495 | H13: =IF(G13>=2500,"优秀","努力") -> 努力
A14: 012 | B14: 浦俨雅 | C14: C部门 | D14: 2685 | E14: =VLOOKUP(C14,加班时间!$A$1:$B$4,2) -> 1.5 | F14: =IF(C14="A部门",E14*30,IF(C14="B部门",E14*25,E14*20)) -> 30 | G14: =SUM(D14,F14) -> 2715 | H14: =IF(G14>=2500,"优秀","努力") -> 优秀
... A21: 019 | B21: 家小凝 | C21: A部门 | D21: 2648 | E21: =VLOOKUP(C21,加班时间!$A$1:$B$4,2) -> 2.5 | F21: =IF(C21="A部门",E21*30,IF(C21="B部门",E21*25,E21*20)) -> 75 | G21: =SUM(D21,F21) -> 2723 | H21: =IF(G21>=2500,"优秀","努力") -> 优秀

Sheet 加班时间
A1: 部门 | B1: 加班时间
A2: A部门 | B2: 2.5
A3: B部门 | B3: 2
A4: C部门 | B4: 1.5

Sheet 分类汇总
A1: 工号 | B1: 姓名 | C1: 部门 | D1: 基本工资 | E1: 加班小时数 | F1: 加班工资 | G1: 合计应发工资 | H1: 备注说明
A2: 015 | B2: 毋代荷 | C2: A部门 | D2: 1900 | E2: 2.5 | F2: 75 | G2: 1975 | H2: 努力
A3: 001 | B3: 家小凝 | C3: A部门 | D3: 2700 | E3: 2.5 | F3: 75 | G3: 2775 | H3: 优秀
A4: 019 | B4: 家小凝 | C4: A部门 | D4: 2648 | E4: 2.5 | F4: 75 | G4: 2723 | H4: 优秀
A5: 018 | B5: 贡笑白 | C5: A部门 | D5: 2358 | E5: 2.5 | F5: 75 | G5: 2433 | H5: 努力
A6: 006 | B6: 贡念桃 | C6: A部门 | D6: 1800 | E6: 2.5 | F6: 75 | G6: 1875 | H6: 努力
A7: 009 | B7: 龚偌丝 | C7: A部门 | D7: 2544 | E7: 2.5 | F7: 75 | G7: 2619 | H7: 优秀
C8: A部门 平均值 | D8: =SUBTOTAL(1,D2:D7) -> 2325 | G8: =SUBTOTAL(1,G2:G7) -> 2400
A9: 004 | B9: 幸平心 | C9: B部门 | D9: 2600 | E9: 2 | F9: 50 | G9: 2650 | H9: 优秀
A10: 010 | B10: 宋贞婉 | C10: B部门 | D10: 1799 | E10: 2 | F10: 50 | G10: 1849 | H10: 努力
A11: 013 | B11: 权恬欣 | C11: B部门 | D11: 2100 | E11: 2 | F11: 50 | G11: 2150 | H11: 努力
A12: 016 | B12: 康津童 | C12: B部门 | D12: 2584 | E12: 2 | F12: 50 | G12: 2634 | H12: 优秀
A13: 014 | B13: 富梓玥 | C13: B部门 | D13: 2000 | E13: 2 | F13: 50 | G13: 2050 | H13: 努力
A14: 007 | B14: 程春绿 | C14: B部门 | D14: 2600 | E14: 2 | F14: 50 | G14: 2650 | H14: 优秀
A15: 003 | B15: 敖燕星 | C15: B部门 | D15: 1900 | E15: 2 | F15: 50 | G15: 1950 | H15: 努力
C16: B部门 平均值 | D16: =SUBTOTAL(1,D9:D15) -> 2226.1429 | G16: =SUBTOTAL(1,G9:G15) -> 2276.1429
A17: 002 | B17: 伊宛畅 | C17: C部门 | D17: 2500 | E17: 1.5 | F17: 30 | G17: 2530 | H17: 优秀
A18: 011 | B18: 沈云霞 | C18: C部门 | D18: 2465 | E18: 1.5 | F18: 30 | G18: 2495 | H18: 努力
A19: 005 | B19: 瞿悦可 | C19: C部门 | D19: 2400 | E19: 1.5 | F19: 30 | G19: 2430 | H19: 努力
A20: 012 | B20: 浦俨雅 | C20: C部门 | D20: 2685 | E20: 1.5 | F20: 30 | G20: 2715 | H20: 优秀
A21: 017 | B21: 蒲琰琬 | C21: C部门 | D21: 2695 | E21: 1.5 | F21: 30 | G21: 2725 | H21: 优秀
A22: 008 | B22: 公芷秀 | C22: C部门 | D22: 2545 | E22: 1.5 | F22: 30 | G22: 2575 | H22: 优秀
C23: C部门 平均值 | D23: =SUBTOTAL(1,D17:D22) -> 2548.3333 | G23: =SUBTOTAL(1,G17:G22) -> 2578.3333
C24: 总计平均值 | D24: =SUBTOTAL(1,D2:D22) -> 2359.1053 | G24: =SUBTOTAL(1,G2:G22) -> 2410.6842

Sheet 筛选
A1: 基本工资
A2: >=2500
A3: 工号 | B3: 姓名 | C3: 部门 | D3: 基本工资 | E3: 加班小时数 | F3: 加班工资 | G3: 合计应发工资 | H3: 备注说明
A4: 001 | B4: 家小凝 | C4: A部门 | D4: 2700 | E4: 2.5 | F4: 75 | G4: 2775 | H4: 优秀
A5: 002 | B5: 伊宛畅 | C5: C部门 | D5: 2500 | E5: 1.5 | F5: 30 | G5: 2530 | H5: 优秀
A6: 003 | B6: 敖燕星 | C6: B部门 | D6: 1900 | E6: 2 | F6: 50 | G6: 1950 | H6: 努力
A7: 004 | B7: 幸平心 | C7: B部门 | D7: 2600 | E7: 2 | F7: 50 | G7: 2650 | H7: 优秀
A8: 005 | B8: 瞿悦可 | C8: C部门 | D8: 2400 | E8: 1.5 | F8: 30 | G8: 2430 | H8: 努力
A9: 006 | B9: 贡念桃 | C9: A部门 | D9: 1800 | E9: 2.5 | F9: 75 | G9: 1875 | H9: 努力
A10: 007 | B10: 程春绿 | C10: B部门 | D10: 2600 | E10: 2 | F10: 50 | G10: 2650 | H10: 优秀
A11: 008 | B11: 公芷秀 | C11: C部门 | D11: 2545 | E11: 1.5 | F11: 30 | G11: 2575 | H11: 优秀
A12: 009 | B12: 龚偌丝 | C12: A部门 | D12: 2544 | E12: 2.5 | F12: 75 | G12: 2619 | H12: 优秀
A13: 010 | B13: 宋贞婉 | C13: B部门 | D13: 1799 | E13: 2 | F13: 50 | G13: 1849 | H13: 努力
A14: 011 | B14: 沈云霞 | C14: C部门 | D14: 2465 | E14: 1.5 | F14: 30 | G14: 2495 | H14: 努力
A15: 012 | B15: 浦俨雅 | C15: C部门 | D15: 2685 | E15: 1.5 | F15: 30 | G15: 2715 | H15: 优秀
... A22: 019 | B22: 家小凝 | C22: A部门 | D22: 2648 | E22: 2.5 | F22: 75 | G22: 2723 | H22: 优秀
