Workbook

Sheet 销售订单
A1: 2021年图书销售订单记录
A2: 订单编号 | B2: 日期 | C2: 书店名称 | D2: 图书名称 | E2: 图书编号 | F2: 作者 | G2: 销量（本） | H2: 销售额
A3: BY-08014 | B3: 44356 | C3: 文教书店 | D3: =VLOOKUP(E3,图书编目表!$A$1:$C$9,2) -> 《病毒星球》 | E3: BKC-005 | F3: =VLOOKUP(E3,图书编目表!$A$1:$C$9,3) -> 卡尔·齐默 | G3: 3 | H3: =G3*VLOOKUP(销售订单!E3,图书编目表!$A$1:$D$9,4) -> 84 | J3: 新华书店图书销售量之和
A4: BY-08014 | B4: 44366 | C4: 教育书店 | D4: =VLOOKUP(E4,图书编目表!$A$1:$C$9,2) -> 《塑造世界经济的50项伟大发明》 | E4: BKC-002 | F4: =VLOOKUP(E4,图书编目表!$A$1:$C$9,3) -> 蒂姆·哈福德 | G4: 13 | H4: =G4*VLOOKUP(销售订单!E4,图书编目表!$A$1:$D$9,4) -> 325 | J4: =SUMIF(C3:C58,"新华书店",G3:G58) -> 266
A5: BY-08015 | B5: 44360 | C5: 教育书店 | D5: =VLOOKUP(E5,图书编目表!$A$1:$C$9,2) -> 《迷人的材料》 | E5: BKC-001 | F5: =VLOOKUP(E5,图书编目表!$A$1:$C$9,3) -> 马克·米奥多尼克 | G5: 1 | H5: =G5*VLOOKUP(销售订单!E5,图书编目表!$A$1:$D$9,4) -> 34
A6: BY-08015 | B6: 44370 | C6: 新华书店 | D6: =VLOOKUP(E6,图书编目表!$A$1:$C$9,2) -> 《我们如何走到今天》 | E6: BKC-004 | F6: =VLOOKUP(E6,图书编目表!$A$1:$C$9,3) -> 史蒂文·约翰逊 | G6: 17 | H6: =G6*VLOOKUP(销售订单!E6,图书编目表!$A$1:$D$9,4) -> 620.5
A7: BY-08016 | B7: 44366 | C7: 文教书店 | D7: =VLOOKUP(E7,图书编目表!$A$1:$C$9,2) -> 《乌合之众》 | E7: BKS-001 | F7: =VLOOKUP(E7,图书编目表!$A$1:$C$9,3) -> 勒庞 | G7: 3 | H7: =G7*VLOOKUP(销售订单!E7,图书编目表!$A$1:$D$9,4) -> 45
A8: BY-08016 | B8: 44424 | C8: 新华书店 | D8: =VLOOKUP(E8,图书编目表!$A$1:$C$9,2) -> 《我们如何走到今天》 | E8: BKC-004 | F8: =VLOOKUP(E8,图书编目表!$A$1:$C$9,3) -> 史蒂文·约翰逊 | G8: 43 | H8: =G8*VLOOKUP(销售订单!E8,图书编目表!$A$1:$D$9,4) -> 1569.5
A9: BY-08016 | B9: 44376 | C9: 文教书店 | D9: =VLOOKUP(E9,图书编目表!$A$1:$C$9,2) -> 《影响力》 | E9: BKC-006 | F9: =VLOOKUP(E9,图书编目表!$A$1:$C$9,3) -> 罗伯特·西奥迪尼 | G9: 47 | H9: =G9*VLOOKUP(销售订单!E9,图书编目表!$A$1:$D$9,4) -> 1532.2
A10: BY-08017 | B10: 44370 | C10: 教育书店 | D10: =VLOOKUP(E10,图书编目表!$A$1:$C$9,2) -> 《万物发明指南》 | E10: BKC-003 | F10: =VLOOKUP(E10,图书编目表!$A$1:$C$9,3) -> 瑞安·诺思 | G10: 43 | H10: =G10*VLOOKUP(销售订单!E10,图书编目表!$A$1:$D$9,4) -> 1612.5
A11: BY-08017 | B11: 44427 | C11: 文教书店 | D11: =VLOOKUP(E11,图书编目表!$A$1:$C$9,2) -> 《我们如何走到今天》 | E11: BKC-004 | F11: =VLOOKUP(E11,图书编目表!$A$1:$C$9,3) -> 史蒂文·约翰逊 | G11: 40 | H11: =G11*VLOOKUP(销售订单!E11,图书编目表!$A$1:$D$9,4) -> 1460
A12: BY-08017 | B12: 44380 | C12: 教育书店 | D12: =VLOOKUP(E12,图书编目表!$A$1:$C$9,2) -> 《乌合之众》 | E12: BKS-001 | F12: =VLOOKUP(E12,图书编目表!$A$1:$C$9,3) -> 勒庞 | G12: 10 | H12: =G12*VLOOKUP(销售订单!E12,图书编目表!$A$1:$D$9,4) -> 150
A13: BY-08018 | B13: 44376 | C13: 教育书店 | D13: =VLOOKUP(E13,图书编目表!$A$1:$C$9,2) -> 《乌合之众》 | E13: BKS-001 | F13: =VLOOKUP(E13,图书编目表!$A$1:$C$9,3) -> 勒庞 | G13: 22 | H13: =G13*VLOOKUP(销售订单!E13,图书编目表!$A$1:$D$9,4) -> 330
A14: BY-08018 | B14: 44433 | C14: 教育书店 | D14: =VLOOKUP(E14,图书编目表!$A$1:$C$9,2) -> 《塑造世界经济的50项伟大发明》 | E14: BKC-002 | F14: =VLOOKUP(E14,图书编目表!$A$1:$C$9,3) -> 蒂姆·哈福德 | G14: 44 | H14: =G14*VLOOKUP(销售订单!E14,图书编目表!$A$1:$D$9,4) -> 1100
A15: BY-08018 | B15: 44392 | C15: 新华书店 | D15: =VLOOKUP(E15,图书编目表!$A$1:$C$9,2) -> 《影响力》 | E15: BKC-006 | F15: =VLOOKUP(E15,图书编目表!$A$1:$C$9,3) -> 罗伯特·西奥迪尼 | G15: 3 | H15: =G15*VLOOKUP(销售订单!E15,图书编目表!$A$1:$D$9,4) -> 97.8
A16: BY-08019 | B16: 44380 | C16: 新华书店 | D16: =VLOOKUP(E16,图书编目表!$A$1:$C$9,2) -> 《影响力》 | E16: BKC-006 | F16: =VLOOKUP(E16,图书编目表!$A$1:$C$9,3) -> 罗伯特·西奥迪尼 | G16: 31 | H16: =G16*VLOOKUP(销售订单!E16,图书编目表!$A$1:$D$9,4) -> 1010.6
... A58: BY-08038 | B58: 44350 | C58: 文教书店 | D58: =VLOOKUP(E58,图书编目表!$A$1:$C$9,2) -> 《塑造世界经济的50项伟大发明》 | E58: BKC-002 | F58: =VLOOKUP(E58,图书编目表!$A$1:$C$9,3) -> 蒂姆·哈福德 | G58: 22 | H58: =G58*VLOOKUP(销售订单!E58,图书编目表!$A$1:$D$9,4) -> 550

Sheet 图书编目表
A1: 图书编号 | B1: 图书名称 | C1: 作者 | D1: 单价
A2: BKC-001 | B2: 《迷人的材料》 | C2: 马克·米奥多尼克 | D2: 34
A3: BKC-002 | B3: 《塑造世界经济的50项伟大发明》 | C3: 蒂姆·哈福德 | D3: 25
A4: BKC-003 | B4: 《万物发明指南》 | C4: 瑞安·诺思 | D4: 37.5
A5: BKC-004 | B5: 《我们如何走到今天》 | C5: 史蒂文·约翰逊 | D5: 36.5
A6: BKC-005 | B6: 《病毒星球》 | C6: 卡尔·齐默 | D6: 28
A7: BKC-006 | B7: 《影响力》 | C7: 罗伯特·西奥迪尼 | D7: 32.6
A8: BKS-001 | B8: 《乌合之众》 | C8: 勒庞 | D8: 15
A9: BKS-002 | B9: 《怪诞行为学》 | C9: 丹·艾瑞里 | D9: 24

Sheet 2021年图书销售分析
A1: 2021图书销售分析
A2: 单位：本
A3: 图书名称 | B3: 6月 | C3: 7月 | D3: 8月 | E3: 销售趋势
A4: 《迷人的材料》 | B4: =SUMIFS(表1[销量（本）],表1[日期],">=2021/6/1",表1[日期],"<=2021/6/30",表1[图书名称],A4) -> 39 | C4: =SUMIFS(表1[销量（本）],表1[日期],">=2021/7/1",表1[日期],"<=2021/7/31",表1[图书名称],A4) -> 0 | D4: =SUMIFS(表1[销量（本）],表1[日期],">=2021/8/1",表1[日期],"<=2021/8/31",表1[图书名称],A4) -> 72
A5: 《塑造世界经济的50项伟大发明》 | B5: =SUMIFS(表1[销量（本）],表1[日期],">=2021/6/1",表1[日期],"<=2021/6/30",表1[图书名称],A5) -> 139 | C5: =SUMIFS(表1[销量（本）],表1[日期],">=2021/7/1",表1[日期],"<=2021/7/31",表1[图书名称],A5) -> 34 | D5: =SUMIFS(表1[销量（本）],表1[日期],">=2021/8/1",表1[日期],"<=2021/8/31",表1[图书名称],A5) -> 59
A6: 《万物发明指南》 | B6: =SUMIFS(表1[销量（本）],表1[日期],">=2021/6/1",表1[日期],"<=2021/6/30",表1[图书名称],A6) -> 47 | C6: =SUMIFS(表1[销量（本）],表1[日期],">=2021/7/1",表1[日期],"<=2021/7/31",表1[图书名称],A6) -> 19 | D6: =SUMIFS(表1[销量（本）],表1[日期],">=2021/8/1",表1[日期],"<=2021/8/31",表1[图书名称],A6) -> 67
A7: 《我们如何走到今天》 | B7: =SUMIFS(表1[销量（本）],表1[日期],">=2021/6/1",表1[日期],"<=2021/6/30",表1[图书名称],A7) -> 63 | C7: =SUMIFS(表1[销量（本）],表1[日期],">=2021/7/1",表1[日期],"<=2021/7/31",表1[图书名称],A7) -> 0 | D7: =SUMIFS(表1[销量（本）],表1[日期],">=2021/8/1",表1[日期],"<=2021/8/31",表1[图书名称],A7) -> 116
A8: 《病毒星球》 | B8: =SUMIFS(表1[销量（本）],表1[日期],">=2021/6/1",表1[日期],"<=2021/6/30",表1[图书名称],A8) -> 67 | C8: =SUMIFS(表1[销量（本）],表1[日期],">=2021/7/1",表1[日期],"<=2021/7/31",表1[图书名称],A8) -> 0 | D8: =SUMIFS(表1[销量（本）],表1[日期],">=2021/8/1",表1[日期],"<=2021/8/31",表1[图书名称],A8) -> 66
A9: 《影响力》 | B9: =SUMIFS(表1[销量（本）],表1[日期],">=2021/6/1",表1[日期],"<=2021/6/30",表1[图书名称],A9) -> 114 | C9: =SUMIFS(表1[销量（本）],表1[日期],">=2021/7/1",表1[日期],"<=2021/7/31",表1[图书名称],A9) -> 34 | D9: =SUMIFS(表1[销量（本）],表1[日期],">=2021/8/1",表1[日期],"<=2021/8/31",表1[图书名称],A9) -> 0
A10: 《乌合之众》 | B10: =SUMIFS(表1[销量（本）],表1[日期],">=2021/6/1",表1[日期],"<=2021/6/30",表1[图书名称],A10) -> 63 | C10: =SUMIFS(表1[销量（本）],表1[日期],">=2021/7/1",表1[日期],"<=2021/7/31",表1[图书名称],A10) -> 28 | D10: =SUMIFS(表1[销量（本）],表1[日期],">=2021/8/1",表1[日期],"<=2021/8/31",表1[图书名称],A10) -> 21
A11: 《怪诞行为学》 | B11: =SUMIFS(表1[销量（本）],表1[日期],">=2021/6/1",表1[日期],"<=2021/6/30",表1[图书名称],A11) -> 19 | C11: =SUMIFS(表1[销量（本）],表1[日期],">=2021/7/1",表1[日期],"<=2021/7/31",表1[图书名称],A11) -> 58 | D11: =SUMIFS(表1[销量（本）],表1[日期],">=2021/8/1",表1[日期],"<=2021/8/31",表1[图书名称],A11) -> 7

Sheet 2021年书店销量
A1: 求和项:销量（本） | B1: 列标签
A2: 行标签 | B2: 《病毒星球》 | C2: 《怪诞行为学》 | D2: 《迷人的材料》 | E2: 《塑造世界经济的50项伟大发明》 | F2: 《万物发明指南》 | G2: 《我们如何走到今天》 | H2: 《乌合之众》 | I2: 《影响力》 | J2: 总计
A3: 教育书店 | B3: 125 | C3: 70 | D3: 40 | E3: 217 | F3: 163 | G3: 46 | H3: 72 | J3: 733
A4: 文教书店 | B4: 3 | C4: 44 | D4: 81 | E4: 22 | F4: 19 | G4: 40 | H4: 41 | I4: 114 | J4: 364
A5: 新华书店 | B5: 5 | D5: 33 | E5: 41 | F5: 4 | G5: 93 | H5: 21 | I5: 69 | J5: 266
A6: 总计 | B6: 133 | C6: 114 | D6: 154 | E6: 280 | F6: 186 | G6: 179 | H6: 134 | I6: 183 | J6: 1363
