Workbook

Sheet 数据透视图
A1: 年度 | B1: (全部)
A3: 求和项:课时费 | B3: 列标签
A4: 行标签 | B4: 计算机基础室 | C4: 总计
A5: 副教授 | B5: 81600 | C5: 81600
A6: 讲师 | B6: 140160 | C6: 140160
A7: 教授 | B7: 42240 | C7: 42240
A8: 助教 | B8: 11520 | C8: 11520
A9: 总计 | B9: 275520 | C9: 275520

Sheet 课时费统计表
A1: 计算机基础室2020年度课时费统计表
A2: 序号 | B2: 年度 | C2: 系 | D2: 教研室 | E2: 姓名 | F2: 职称 | G2: 课时标准 | H2: 学时数 | I2: 课时费
A3: 1 | B3: 2020 | C3: 计算机系 | D3: 计算机基础室 | E3: 陈国庆 | F3: =VLOOKUP(表2[[#This Row],[姓名]],教师基本信息!D$2:E$22,2,FALSE) -> 教授 | G3: =VLOOKUP(F3,课时费标准!A$3:B$6,2,1) -> 120 | H3: =VLOOKUP(E3,授课信息表!D$3:G$72,4,0) -> 160 | I3: =表2[[#This Row],[课时标准]]*表2[[#This Row],[学时数]] -> 19200
A4: 2 | B4: 2020 | C4: 计算机系 | D4: 计算机基础室 | E4: 张慧龙 | F4: =VLOOKUP(表2[[#This Row],[姓名]],教师基本信息!D$2:E$22,2,FALSE) -> 教授 | G4: =VLOOKUP(F4,课时费标准!A$3:B$6,2,1) -> 120 | H4: =VLOOKUP(E4,授课信息表!D$3:G$72,4,0) -> 192 | I4: =表2[[#This Row],[课时标准]]*表2[[#This Row],[学时数]] -> 23040
A5: 3 | B5: 2020 | C5: 计算机系 | D5: 计算机基础室 | E5: 崔咏絮 | F5: =VLOOKUP(表2[[#This Row],[姓名]],教师基本信息!D$2:E$22,2,FALSE) -> 副教授 | G5: =VLOOKUP(F5,课时费标准!A$3:B$6,2,1) -> 100 | H5: =VLOOKUP(E5,授课信息表!D$3:G$72,4,0) -> 208 | I5: =表2[[#This Row],[课时标准]]*表2[[#This Row],[学时数]] -> 20800
A6: 4 | B6: 2020 | C6: 计算机系 | D6: 计算机基础室 | E6: 龚自飞 | F6: =VLOOKUP(表2[[#This Row],[姓名]],教师基本信息!D$2:E$22,2,FALSE) -> 副教授 | G6: =VLOOKUP(F6,课时费标准!A$3:B$6,2,1) -> 100 | H6: =VLOOKUP(E6,授课信息表!D$3:G$72,4,0) -> 208 | I6: =表2[[#This Row],[课时标准]]*表2[[#This Row],[学时数]] -> 20800
A7: 5 | B7: 2020 | C7: 计算机系 | D7: 计算机基础室 | E7: 李浩然 | F7: =VLOOKUP(表2[[#This Row],[姓名]],教师基本信息!D$2:E$22,2,FALSE) -> 副教授 | G7: =VLOOKUP(F7,课时费标准!A$3:B$6,2,1) -> 100 | H7: =VLOOKUP(E7,授课信息表!D$3:G$72,4,0) -> 152 | I7: =表2[[#This Row],[课时标准]]*表2[[#This Row],[学时数]] -> 15200
A8: 6 | B8: 2020 | C8: 计算机系 | D8: 计算机基础室 | E8: 王一斌 | F8: =VLOOKUP(表2[[#This Row],[姓名]],教师基本信息!D$2:E$22,2,FALSE) -> 副教授 | G8: =VLOOKUP(F8,课时费标准!A$3:B$6,2,1) -> 100 | H8: =VLOOKUP(E8,授课信息表!D$3:G$72,4,0) -> 168 | I8: =表2[[#This Row],[课时标准]]*表2[[#This Row],[学时数]] -> 16800
A9: 7 | B9: 2020 | C9: 计算机系 | D9: 计算机基础室 | E9: 向玉瑶 | F9: =VLOOKUP(表2[[#This Row],[姓名]],教师基本信息!D$2:E$22,2,FALSE) -> 副教授 | G9: =VLOOKUP(F9,课时费标准!A$3:B$6,2,1) -> 100 | H9: =VLOOKUP(E9,授课信息表!D$3:G$72,4,0) -> 80 | I9: =表2[[#This Row],[课时标准]]*表2[[#This Row],[学时数]] -> 8000
A10: 8 | B10: 2020 | C10: 计算机系 | D10: 计算机基础室 | E10: 陈清河 | F10: =VLOOKUP(表2[[#This Row],[姓名]],教师基本信息!D$2:E$22,2,FALSE) -> 讲师 | G10: =VLOOKUP(F10,课时费标准!A$3:B$6,2,1) -> 80 | H10: =VLOOKUP(E10,授课信息表!D$3:G$72,4,0) -> 208 | I10: =表2[[#This Row],[课时标准]]*表2[[#This Row],[学时数]] -> 16640
A11: 9 | B11: 2020 | C11: 计算机系 | D11: 计算机基础室 | E11: 金洪山 | F11: =VLOOKUP(表2[[#This Row],[姓名]],教师基本信息!D$2:E$22,2,FALSE) -> 讲师 | G11: =VLOOKUP(F11,课时费标准!A$3:B$6,2,1) -> 80 | H11: =VLOOKUP(E11,授课信息表!D$3:G$72,4,0) -> 208 | I11: =表2[[#This Row],[课时标准]]*表2[[#This Row],[学时数]] -> 16640
A12: 10 | B12: 2020 | C12: 计算机系 | D12: 计算机基础室 | E12: 李传东 | F12: =VLOOKUP(表2[[#This Row],[姓名]],教师基本信息!D$2:E$22,2,FALSE) -> 讲师 | G12: =VLOOKUP(F12,课时费标准!A$3:B$6,2,1) -> 80 | H12: =VLOOKUP(E12,授课信息表!D$3:G$72,4,0) -> 192 | I12: =表2[[#This Row],[课时标准]]*表2[[#This Row],[学时数]] -> 15360
A13: 11 | B13: 2020 | C13: 计算机系 | D13: 计算机基础室 | E13: 李建州 | F13: =VLOOKUP(表2[[#This Row],[姓名]],教师基本信息!D$2:E$22,2,FALSE) -> 讲师 | G13: =VLOOKUP(F13,课时费标准!A$3:B$6,2,1) -> 80 | H13: =VLOOKUP(E13,授课信息表!D$3:G$72,4,0) -> 176 | I13: =表2[[#This Row],[课时标准]]*表2[[#This Row],[学时数]] -> 14080
A14: 12 | B14: 2020 | C14: 计算机系 | D14: 计算机基础室 | E14: 李云雨 | F14: =VLOOKUP(表2[[#This Row],[姓名]],教师基本信息!D$2:E$22,2,FALSE) -> 讲师 | G14: =VLOOKUP(F14,课时费标准!A$3:B$6,2,1) -> 80 | H14: =VLOOKUP(E14,授课信息表!D$3:G$72,4,0) -> 128 | I14: =表2[[#This Row],[课时标准]]*表2[[#This Row],[学时数]] -> 10240
... A22: 20 | B22: 2020 | C22: 计算机系 | D22: 计算机基础室 | E22: 薛馨子 | F22: =VLOOKUP(表2[[#This Row],[姓名]],教师基本信息!D$2:E$22,2,FALSE) -> 助教 | G22: =VLOOKUP(F22,课时费标准!A$3:B$6,2,1) -> 60 | H22: =VLOOKUP(E22,授课信息表!D$3:G$72,4,0) -> 96 | I22: =表2[[#This Row],[课时标准]]*表2[[#This Row],[学时数]] -> 5760

Sheet 授课信息表
A1: 计算机基础室2020年度课程承担情况表
A2: 编号 | B2: 年度 | C2: 学期 | D2: 姓名 | E2: 课程名称 | F2: 学时数 | G2: 和
A3: 1 | B3: 2020 | C3: 春季 | D3: 陈清河 | E3: C语言程序设计 | F3: =VLOOKUP(E3,课程基本信息!B$3:C$16,2,1) -> 40 | G3: =SUMIF(D$3:D$72,D3,F$3:F$72) -> 208
A4: 2 | B4: 2020 | C4: 春季 | D4: 陈清河 | E4: C语言程序设计 | F4: =VLOOKUP(E4,课程基本信息!B$3:C$16,2,1) -> 40 | G4: =SUMIF(D$3:D$72,D4,F$3:F$72) -> 208
A5: 3 | B5: 2020 | C5: 春季 | D5: 金洪山 | E5: C语言程序设计 | F5: =VLOOKUP(E5,课程基本信息!B$3:C$16,2,1) -> 40 | G5: =SUMIF(D$3:D$72,D5,F$3:F$72) -> 208
A6: 4 | B6: 2020 | C6: 春季 | D6: 金洪山 | E6: C语言程序设计 | F6: =VLOOKUP(E6,课程基本信息!B$3:C$16,2,1) -> 40 | G6: =SUMIF(D$3:D$72,D6,F$3:F$72) -> 208
A7: 5 | B7: 2020 | C7: 春季 | D7: 李传东 | E7: C语言程序设计 | F7: =VLOOKUP(E7,课程基本信息!B$3:C$16,2,1) -> 40 | G7: =SUMIF(D$3:D$72,D7,F$3:F$72) -> 192
A8: 6 | B8: 2020 | C8: 春季 | D8: 李传东 | E8: C语言程序设计 | F8: =VLOOKUP(E8,课程基本信息!B$3:C$16,2,1) -> 40 | G8: =SUMIF(D$3:D$72,D8,F$3:F$72) -> 192
A9: 7 | B9: 2020 | C9: 春季 | D9: 李浩然 | E9: C语言程序设计 | F9: =VLOOKUP(E9,课程基本信息!B$3:C$16,2,1) -> 40 | G9: =SUMIF(D$3:D$72,D9,F$3:F$72) -> 152
A10: 8 | B10: 2020 | C10: 春季 | D10: 李浩然 | E10: C语言程序设计 | F10: =VLOOKUP(E10,课程基本信息!B$3:C$16,2,1) -> 40 | G10: =SUMIF(D$3:D$72,D10,F$3:F$72) -> 152
A11: 9 | B11: 2020 | C11: 春季 | D11: 张慧龙 | E11: 编译方法 | F11: =VLOOKUP(E11,课程基本信息!B$3:C$16,2,1) -> 48 | G11: =SUMIF(D$3:D$72,D11,F$3:F$72) -> 192
A12: 10 | B12: 2020 | C12: 春季 | D12: 张慧龙 | E12: 编译方法 | F12: =VLOOKUP(E12,课程基本信息!B$3:C$16,2,1) -> 48 | G12: =SUMIF(D$3:D$72,D12,F$3:F$72) -> 192
A13: 11 | B13: 2020 | C13: 春季 | D13: 崔咏絮 | E13: 操作系统 | F13: =VLOOKUP(E13,课程基本信息!B$3:C$16,2,1) -> 56 | G13: =SUMIF(D$3:D$72,D13,F$3:F$72) -> 208
A14: 12 | B14: 2020 | C14: 春季 | D14: 崔咏絮 | E14: 操作系统 | F14: =VLOOKUP(E14,课程基本信息!B$3:C$16,2,1) -> 56 | G14: =SUMIF(D$3:D$72,D14,F$3:F$72) -> 208
... A72: 70 | B72: 2020 | C72: 秋季 | D72: 金洪山 | E72: 微机原理与接口技术 | F72: =VLOOKUP(E72,课程基本信息!B$3:C$16,2,1) -> 64 | G72: =SUMIF(D$3:D$72,D72,F$3:F$72) -> 208

Sheet 课程基本信息
A1: 计算机基础教研室承担课程基本信息表
A2: 课程编号 | B2: 课程名称 | C2: 学时数
A3: 604004 | B3: C语言程序设计 | C3: 40
A4: 604008 | B4: 编译方法 | C4: 48
A5: 604009 | B5: 操作系统 | C5: 56
A6: 604010 | B6: 单片机技术 | C6: 56
A7: 604013 | B7: 单片机实验 | C7: 80
A8: 604014 | B8: 计算机检测与维修 | C8: 36
A9: 604002 | B9: 计算机软件基础 | C9: 48
A10: 604001 | B10: 计算机文化基础 | C10: 24
A11: 604003 | B11: 计算机硬件基础 | C11: 56
A12: 604007 | B12: 计算机组成原理 | C12: 40
A13: 604011 | B13: 嵌入式系统原理及应用 | C13: 40
A14: 604005 | B14: 数据结构 | C14: 48
... A16: 604006 | B16: 微机原理与接口技术 | C16: 64

Sheet 课时费标准
A1: 课时标准费对照表
A2: 职称 | B2: 课时标准（元）
A3: 副教授 | B3: 100
A4: 讲师 | B4: 80
A5: 教授 | B5: 120
A6: 助教 | B6: 60

Sheet 教师基本信息
A1: 教师基本信息表
A2: 序号 | B2: 系 | C2: 教研室 | D2: 姓名 | E2: 职称
A3: 1 | B3: 计算机系 | C3: 计算机基础室 | D3: 陈国庆 | E3: 教授
A4: 2 | B4: 计算机系 | C4: 计算机基础室 | D4: 陈清河 | E4: 讲师
A5: 3 | B5: 计算机系 | C5: 计算机基础室 | D5: 崔咏絮 | E5: 副教授
A6: 4 | B6: 计算机系 | C6: 计算机基础室 | D6: 龚自飞 | E6: 副教授
A7: 5 | B7: 计算机系 | C7: 计算机基础室 | D7: 蒋山农 | E7: 助教
A8: 6 | B8: 计算机系 | C8: 计算机基础室 | D8: 金洪山 | E8: 讲师
A9: 7 | B9: 计算机系 | C9: 计算机基础室 | D9: 李传东 | E9: 讲师
A10: 8 | B10: 计算机系 | C10: 计算机基础室 | D10: 李浩然 | E10: 副教授
A11: 9 | B11: 计算机系 | C11: 计算机基础室 | D11: 李建州 | E11: 讲师
A12: 10 | B12: 计算机系 | C12: 计算机基础室 | D12: 李云雨 | E12: 讲师
A13: 11 | B13: 计算机系 | C13: 计算机基础室 | D13: 苏玉叶 | E13: 讲师
A14: 12 | B14: 计算机系 | C14: 计算机基础室 | D14: 王伟峰 | E14: 讲师
... A22: 20 | B22: 计算机系 | C22: 计算机基础室 | D22: 张慧龙 | E22: 教授
