Workbook

Sheet Sheet1
A1: 年级 | B1: 姓名 | C1: 娱乐支出 | D1: 话费支出 | E1: 零食支出 | F1: 学习用品支出 | G1: 其它支出 | H1: 收支比
A2: 高一 | B2: 史玉敬 | C2: 15 | D2: 70 | E2: 80 | F2: 349 | G2: 480
A3: 高一 | B3: 宋皓宇 | C3: 25 | D3: 50 | E3: 200 | F3: 273 | G3: 300
A4: 高一 | B4: 丁一 | C4: 20 | D4: 25 | E4: 50 | F4: 245 | G4: 50
A5: 高一 | B5: 凌文娟 | C5: 170 | D5: 50 | E5: 380 | F5: 183 | G5: 80
A6: 高一 | B6: 陈纯 | C6: 50 | D6: 60 | E6: 150 | F6: 153 | G6: 250
A7: 高一 | B7: 李云 | C7: 75 | D7: 60 | E7: 200 | F7: 130 | G7: 80
A8: 高一 | B8: 陈妤 | C8: 45 | D8: 105 | E8: 200 | F8: 129 | G8: 250
A9: 高一 | B9: 龚勋 | C9: 20 | D9: 20 | E9: 150 | F9: 120 | G9: 150
A10: 高一 | B10: 梅宇栋 | C10: 135 | D10: 20 | E10: 150 | F10: 56 | G10: 150
A11: 高一 | B11: 郭超 | C11: 80 | D11: 90 | E11: 35 | F11: 40 | G11: 535
A12: 高一 平均值 | C12: =SUBTOTAL(1,C2:C11) -> 63.5 | D12: =SUBTOTAL(1,D2:D11) -> 55 | E12: =SUBTOTAL(1,E2:E11) -> 159.5 | F12: =SUBTOTAL(1,F2:F11) -> 167.8 | G12: =SUBTOTAL(1,G2:G11) -> 232.5
A13: 高二 | B13: 胡琳琳 | C13: 160 | D13: 160 | E13: 180 | F13: 290 | G13: 480
A14: 高二 | B14: 杜琴庆 | C14: 140 | D14: 60 | E14: 80 | F14: 234 | G14: 180
A15: 高二 | B15: 李皋劼 | C15: 115 | D15: 15 | E15: 200 | F15: 229 | G15: 300
A16: 高二 | B16: 蒋海峰 | C16: 25 | D16: 50 | E16: 180 | F16: 224 | G16: 80
A17: 高二 | B17: 陈小磊 | C17: 40 | D17: 120 | E17: 140 | F17: 222 | G17: 240
A18: 高二 | B18: 苗进 | C18: 25 | D18: 80 | E18: 220 | F18: 178 | G18: 120
A19: 高二 | B19: 路红兵 | C19: 40 | D19: 165 | E19: 130 | F19: 168 | G19: 380
A20: 高二 | B20: 任文渊 | C20: 80 | D20: 90 | E20: 220 | F20: 112 | G20: 320
A21: 高二 平均值 | C21: =SUBTOTAL(1,C13:C20) -> 78.125 | D21: =SUBTOTAL(1,D13:D20) -> 92.5 | E21: =SUBTOTAL(1,E13:E20) -> 168.75 | F21: =SUBTOTAL(1,F13:F20) -> 207.125 | G21: =SUBTOTAL(1,G13:G20) -> 262.5
A22: 高三 | B22: 全玄 | C22: 180 | D22: 80 | E22: 110 | F22: 280 | G22: 310
A23: 高三 | B23: 陈子晖 | C23: 135 | D23: 65 | E23: 250 | F23: 253 | G23: 350
A24: 高三 | B24: 陆金星 | C24: 160 | D24: 70 | E24: 150 | F24: 232 | G24: 450
A25: 高三 | B25: 高凌敏 | C25: 10 | D25: 150 | E25: 300 | F25: 217 | G25: 580
A26: 高三 | B26: 黄木鑫 | C26: 150 | D26: 250 | E26: 400 | F26: 212 | G26: 480
A27: 高三 | B27: 缪晓善 | C27: 20 | D27: 40 | E27: 355 | F27: 200 | G27: 150
A28: 高三 | B28: 丁海斌 | C28: 270 | D28: 80 | E28: 350 | F28: 150 | G28: 650
A29: 高三 | B29: 季黎杰 | C29: 30 | D29: 30 | E29: 90 | F29: 116 | G29: 160
A30: 高三 | B30: 钱文斌 | C30: 90 | D30: 100 | E30: 105 | F30: 91 | G30: 550
A31: 高三 | B31: 冯文博 | C31: 155 | D31: 200 | E31: 450 | F31: 64 | G31: 235
A32: 高三 | B32: 刘锋 | C32: 50 | D32: 50 | E32: 500 | F32: 23 | G32: 550
A33: 高三 平均值 | C33: =SUBTOTAL(1,C22:C32) -> 113.63636 | D33: =SUBTOTAL(1,D22:D32) -> 101.36364 | E33: =SUBTOTAL(1,E22:E32) -> 278.18182 | F33: =SUBTOTAL(1,F22:F32) -> 167.09091 | G33: =SUBTOTAL(1,G22:G32) -> 405.90909
A34: 总计平均值 | C34: =SUBTOTAL(1,C2:C32) -> 86.551724 | D34: =SUBTOTAL(1,D2:D32) -> 82.931034 | E34: =SUBTOTAL(1,E2:E32) -> 207.06897 | F34: =SUBTOTAL(1,F2:F32) -> 178.37931 | G34: =SUBTOTAL(1,G2:G32) -> 306.55172

Sheet 零用钱支出调查表
A1: 各年级零用钱支出数据抽样调查表
A2: 年级 | B2: 收入 | C2: 姓名 | D2: 娱乐支出 | E2: 话费支出 | F2: 零食支出 | G2: 学习用品支出 | H2: 其它支出 | I2: 收支比
A3: 高一 | B3: =收入!A2 -> 800 | C3: 陈纯 | D3: 50 | E3: 60 | F3: 150 | G3: 153 | H3: 250 | I3: =SUM(D3:H3)/B3 -> 0.82875
A4: 高二 | B4: =收入!A3 -> 800 | C4: 陈小磊 | D4: 40 | E4: 120 | F4: 140 | G4: 222 | H4: 240 | I4: =SUM(D4:H4)/B4 -> 0.9525
A5: 高一 | B5: =收入!A4 -> 750 | C5: 陈妤 | D5: 45 | E5: 105 | F5: 200 | G5: 129 | H5: 250 | I5: =SUM(D5:H5)/B5 -> 0.972
A6: 高三 | B6: =收入!A5 -> 1500 | C6: 陈子晖 | D6: 135 | E6: 65 | F6: 250 | G6: 253 | H6: 350 | I6: =SUM(D6:H6)/B6 -> 0.702
A7: 高三 | B7: =收入!A6 -> 2500 | C7: 丁海斌 | D7: 270 | E7: 80 | F7: 350 | G7: 150 | H7: 650 | I7: =SUM(D7:H7)/B7 -> 0.6
A8: 高一 | B8: =收入!A7 -> 500 | C8: 丁一 | D8: 20 | E8: 25 | F8: 50 | G8: 245 | H8: 50 | I8: =SUM(D8:H8)/B8 -> 0.78
A9: 高二 | B9: =收入!A8 -> 750 | C9: 杜琴庆 | D9: 140 | E9: 60 | F9: 80 | G9: 234 | H9: 180 | I9: =SUM(D9:H9)/B9 -> 0.92533333
A10: 高三 | B10: =收入!A9 -> 1800 | C10: 冯文博 | D10: 155 | E10: 200 | F10: 450 | G10: 64 | H10: 235 | I10: =SUM(D10:H10)/B10 -> 0.61333333
A11: 高三 | B11: =收入!A10 -> 2300 | C11: 高凌敏 | D11: 10 | E11: 150 | F11: 300 | G11: 217 | H11: 580 | I11: =SUM(D11:H11)/B11 -> 0.54652174
A12: 高一 | B12: =收入!A11 -> 600 | C12: 龚勋 | D12: 20 | E12: 20 | F12: 150 | G12: 120 | H12: 150 | I12: =SUM(D12:H12)/B12 -> 0.76666667
A13: 高一 | B13: =收入!A12 -> 1200 | C13: 郭超 | D13: 80 | E13: 90 | F13: 35 | G13: 40 | H13: 535 | I13: =SUM(D13:H13)/B13 -> 0.65
A14: 高二 | B14: =收入!A13 -> 2000 | C14: 胡琳琳 | D14: 160 | E14: 160 | F14: 180 | G14: 290 | H14: 480 | I14: =SUM(D14:H14)/B14 -> 0.635
... A31: 高一 | B31: =收入!A30 -> 890 | C31: 宋皓宇 | D31: 25 | E31: 50 | F31: 200 | G31: 273 | H31: 300 | I31: =SUM(D31:H31)/B31 -> 0.95280899

Sheet 收入
A1: 收入
A2: 800
A3: 800
A4: 750
A5: 1500
A6: 2500
A7: 500
A8: 750
A9: 1800
A10: 2300
A11: 600
A12: 1200
A13: 2000
... A30: 890

Sheet 筛选
A1: 学习用品支出
A2: >200
B5: 年级 | C5: 收入 | D5: 姓名 | E5: 娱乐支出 | F5: 话费支出 | G5: 零食支出 | H5: 学习用品支出
B6: 高二 | C6: 800 | D6: 陈小磊 | E6: 40 | F6: 120 | G6: 140 | H6: 222
B7: 高三 | C7: 1500 | D7: 陈子晖 | E7: 135 | F7: 65 | G7: 250 | H7: 253
B8: 高一 | C8: 500 | D8: 丁一 | E8: 20 | F8: 25 | G8: 50 | H8: 245
B9: 高二 | C9: 750 | D9: 杜琴庆 | E9: 140 | F9: 60 | G9: 80 | H9: 234
B10: 高三 | C10: 2300 | D10: 高凌敏 | E10: 10 | F10: 150 | G10: 300 | H10: 217
B11: 高二 | C11: 2000 | D11: 胡琳琳 | E11: 160 | F11: 160 | G11: 180 | H11: 290
B12: 高三 | C12: 2800 | D12: 黄木鑫 | E12: 150 | F12: 250 | G12: 400 | H12: 212
B13: 高二 | C13: 700 | D13: 蒋海峰 | E13: 25 | F13: 50 | G13: 180 | H13: 224
B14: 高二 | C14: 1300 | D14: 李皋劼 | E14: 115 | F14: 15 | G14: 200 | H14: 229
B15: 高三 | C15: 1750 | D15: 陆金星 | E15: 160 | F15: 70 | G15: 150 | H15: 232
B16: 高三 | C16: 1250 | D16: 全玄 | E16: 180 | F16: 80 | G16: 110 | H16: 280
B17: 高一 | C17: 1000 | D17: 史玉敬 | E17: 15 | F17: 70 | G17: 80 | H17: 349
B18: 高一 | C18: 890 | D18: 宋皓宇 | E18: 25 | F18: 50 | G18: 200 | H18: 273

Sheet 图表
A1: 年级 | B1: 姓名 | C1: 娱乐支出 | D1: 话费支出 | E1: 零食支出 | F1: 学习用品支出 | G1: 其它支出
A2: 高三 | B2: 陈子晖 | C2: 135 | D2: 65 | E2: 250 | F2: 253 | G2: 350
A3: 高三 | B3: 丁海斌 | C3: 270 | D3: 80 | E3: 350 | F3: 150 | G3: 650
A4: 高一 | B4: 丁一 | C4: 20 | D4: 25 | E4: 50 | F4: 245 | G4: 50
A5: 高三 | B5: 冯文博 | C5: 155 | D5: 200 | E5: 450 | F5: 64 | G5: 235
A6: 高三 | B6: 季黎杰 | C6: 30 | D6: 30 | E6: 90 | F6: 116 | G6: 160
A7: 高三 | B7: 刘锋 | C7: 50 | D7: 50 | E7: 500 | F7: 23 | G7: 550
A8: 高三 | B8: 钱文斌 | C8: 90 | D8: 100 | E8: 105 | F8: 91 | G8: 550
A9: 高三 | B9: 全玄 | C9: 180 | D9: 80 | E9: 110 | F9: 280 | G9: 310
A10: 高一 | B10: 史玉敬 | C10: 15 | D10: 70 | E10: 80 | F10: 349 | G10: 480
A11: 高一 | B11: 宋皓宇 | C11: 25 | D11: 50 | E11: 200 | F11: 273 | G11: 300
A12: 高二 | B12: 陈小磊 | C12: 40 | D12: 120 | E12: 140 | F12: 222 | G12: 240
A13: 高二 | B13: 苗进 | C13: 25 | D13: 80 | E13: 220 | F13: 178 | G13: 120
