Workbook

Sheet 商品销售透视表
A1: 销售经理 | B1: (全部)
B3: 预购类型 | C3: 值
B4: 批发 | D4: 团购 | F4: 成交额汇总 | G4: 成交额占比汇总
A5: 咨询商品编码 | B5: 成交额 | C5: 成交额占比 | D5: 成交额 | E5: 成交额占比
A6: 011201 | B6: 251200 | C6: 0.071890562 | D6: 221213 | E6: 0.42881124 | F6: 472413 | G6: 0.11780652
A7: 011202 | B7: 1956000 | C7: 0.55978479 | D7: 130400 | E7: 0.25277441 | F7: 2086400 | G7: 0.52028952
A8: 011203 | B8: 54000 | C8: 0.015454181 | D8: 144 | E8: 0.00027913739 | F8: 54144 | G8: 0.013501992
A9: 011204 | B9: 339000 | C9: 0.097017915 | D9: 127464 | E9: 0.24708311 | F9: 466464 | G9: 0.11632301
A10: 011205 | B10: 894000 | C10: 0.25585256 | D10: 36654 | E10: 0.071052096 | F10: 930654 | G10: 0.23207895
A11: 总计 | B11: 3494200 | C11: 1 | D11: 515875 | E11: 1 | F11: 4010075 | G11: 1

Sheet 销售情况表
A1: 鹏程公司销售情况表格
A2: 客户姓名 | B2: 性别 | C2: 咨询日期 | D2: 咨询时间 | E2: 咨询商品编码 | F2: 商品单价 | G2: 预购类型 | H2: 预购数量 | I2: 成交数量 | J2: 成交金额 | K2: 销售经理
A3: 陈华 | B3: 男 | C3: 41644 | D3: 0.38209491 | E3: 011201 | F3: =VLOOKUP(E3,商品单价!$A$2:$B$7,2,FALSE) -> 78.5 | G3: 团购 | H3: 800 | I3: 800 | J3: =I3*F3 -> 62800 | K3: 张乐
A4: 高明 | B4: 男 | C4: 41647 | D4: 0.43230324 | E4: 011202 | F4: =VLOOKUP(E4,商品单价!$A$2:$B$7,2,FALSE) -> 326 | G4: 批发 | H4: 3000 | I4: 1000 | J4: =I4*F4 -> 326000 | K4: 张乐
A5: 李子 | B5: 男 | C5: 41649 | D5: 0.5146875 | E5: 011201 | F5: =VLOOKUP(E5,商品单价!$A$2:$B$7,2,FALSE) -> 78.5 | G5: 团购 | H5: 0 | I5: 0 | J5: =I5*F5 -> 0 | K5: 高友
A6: 尤勇 | B6: 男 | C6: 41651 | D6: 0.40386574 | E6: 011201 | F6: =VLOOKUP(E6,商品单价!$A$2:$B$7,2,FALSE) -> 78.5 | G6: 团购 | H6: 700 | I6: 700 | J6: =I6*F6 -> 54950 | K6: 李耀
A7: 郑雅婷 | B7: 女 | C7: 41653 | D7: 0.63234954 | E7: 011205 | F7: =VLOOKUP(E7,商品单价!$A$2:$B$7,2,FALSE) -> 298 | G7: 批发 | H7: 1500 | I7: 1500 | J7: =I7*F7 -> 447000 | K7: 高友
A8: 彭强 | B8: 男 | C8: 41656 | D8: 0.45013889 | E8: 011203 | F8: =VLOOKUP(E8,商品单价!$A$2:$B$7,2,FALSE) -> 18 | G8: 批发 | H8: 2500 | I8: 2000 | J8: =I8*F8 -> 36000 | K8: 李耀
A9: 申新 | B9: 女 | C9: 41660 | D9: 0.55607639 | E9: 011204 | F9: =VLOOKUP(E9,商品单价!$A$2:$B$7,2,FALSE) -> 169.5 | G9: 团购 | H9: 200 | I9: 0 | J9: =I9*F9 -> 0 | K9: 张乐
A10: 孙毅 | B10: 男 | C10: 41662 | D10: 0.52991898 | E10: 011202 | F10: =VLOOKUP(E10,商品单价!$A$2:$B$7,2,FALSE) -> 326 | G10: 批发 | H10: 1000 | I10: 1000 | J10: =I10*F10 -> 326000 | K10: 李耀
A11: 方明 | B11: 女 | C11: 41664 | D11: 0.72605324 | E11: 011204 | F11: =VLOOKUP(E11,商品单价!$A$2:$B$7,2,FALSE) -> 169.5 | G11: 团购 | H11: 350 | I11: 350 | J11: =I11*F11 -> 59325 | K11: 高友
A12: 谷新 | B12: 男 | C12: 41672 | D12: 0.47447917 | E12: 011202 | F12: =VLOOKUP(E12,商品单价!$A$2:$B$7,2,FALSE) -> 326 | G12: 团购 | H12: 400 | I12: 400 | J12: =I12*F12 -> 130400 | K12: 高友
A13: 平长 | B13: 男 | C13: 41674 | D13: 0.38209491 | E13: 011204 | F13: =VLOOKUP(E13,商品单价!$A$2:$B$7,2,FALSE) -> 169.5 | G13: 批发 | H13: 1000 | I13: 1000 | J13: =I13*F13 -> 169500 | K13: 李耀
A14: 田秘 | B14: 女 | C14: 41674 | D14: 0.39063657 | E14: 011203 | F14: =VLOOKUP(E14,商品单价!$A$2:$B$7,2,FALSE) -> 18 | G14: 团购 | H14: 0 | I14: 0 | J14: =I14*F14 -> 0 | K14: 高友
... A33: 彭军 | B33: 男 | C33: 41726 | D33: 0.47508102 | E33: 011203 | F33: =VLOOKUP(E33,商品单价!$A$2:$B$7,2,FALSE) -> 18 | G33: 团购 | H33: 5 | I33: 0 | J33: =I33*F33 -> 0 | K33: 张乐

Sheet 商品单价
A1: 商品价格表
A2: 商品编码 | B2: 单价
A3: 011201 | B3: 78.5
A4: 011202 | B4: 326
A5: 011203 | B5: 18
A6: 011204 | B6: 169.5
A7: 011205 | B7: 298

Sheet 月统计表
A1: 销售经理成交金额按月统计表(单位：元)
A2: 销售经理 | B2: 一月 | C2: 二月 | D2: 三月 | E2: 总和
A3: 张乐 | B3: =SUMIFS(销售情况表!$J$2:$J$33,销售情况表!$K$2:$K$33,A3,销售情况表!$C$2:$C$33,">=2014-1-1",销售情况表!$C$2:$C$33,"<2014-2-1") -> 388800 | C3: =SUMIFS(销售情况表!$J$2:$J$33,销售情况表!$K$2:$K$33,A3,销售情况表!$C$2:$C$33,">=2014-2-1",销售情况表!$C$2:$C$33,"<2014-3-1") -> 243863 | D3: =SUMIFS(销售情况表!$J$2:$J$33,销售情况表!$K$2:$K$33,A3,销售情况表!$C$2:$C$33,">=2014-3-1",销售情况表!$C$2:$C$33,"<2014-4-1") -> 94683 | E3: =SUM(B3:D3) -> 727346
A4: 李耀 | B4: =SUMIFS(销售情况表!$J$2:$J$33,销售情况表!$K$2:$K$33,A4,销售情况表!$C$2:$C$33,">=2014-1-1",销售情况表!$C$2:$C$33,"<2014-2-1") -> 416950 | C4: =SUMIFS(销售情况表!$J$2:$J$33,销售情况表!$K$2:$K$33,A4,销售情况表!$C$2:$C$33,">=2014-2-1",销售情况表!$C$2:$C$33,"<2014-3-1") -> 653154 | D4: =SUMIFS(销售情况表!$J$2:$J$33,销售情况表!$K$2:$K$33,A4,销售情况表!$C$2:$C$33,">=2014-3-1",销售情况表!$C$2:$C$33,"<2014-4-1") -> 114900 | E4: =SUM(B4:D4) -> 1185004
A5: 高友 | B5: =SUMIFS(销售情况表!$J$2:$J$33,销售情况表!$K$2:$K$33,A5,销售情况表!$C$2:$C$33,">=2014-1-1",销售情况表!$C$2:$C$33,"<2014-2-1") -> 506325 | C5: =SUMIFS(销售情况表!$J$2:$J$33,销售情况表!$K$2:$K$33,A5,销售情况表!$C$2:$C$33,">=2014-2-1",销售情况表!$C$2:$C$33,"<2014-3-1") -> 939400 | D5: =SUMIFS(销售情况表!$J$2:$J$33,销售情况表!$K$2:$K$33,A5,销售情况表!$C$2:$C$33,">=2014-3-1",销售情况表!$C$2:$C$33,"<2014-4-1") -> 652000 | E5: =SUM(B5:D5) -> 2097725
A6: 总计 | B6: =SUM(B3:B5) -> 1312075 | C6: =SUM(C3:C5) -> 1836417 | D6: =SUM(D3:D5) -> 861583 | E6: =SUM(E3:E5) -> 4010075
