Workbook

Sheet 餐饮数据
A1: 城市 | B1: 地区 | C1: 类型 | D1: 店名 | E1: 点评 | F1: 人均 | G1: 口味 | H1: 环境 | I1: 服务
A2: 北京 | B2: =VLOOKUP(A2,地区!$B$1:$C$43,2,0) -> 华北地区 | C2: 私房菜 | D2: 梧桐宇私房菜 | E2: 45 | F2: 80 | G2: 7.3 | H2: 7.3 | I2: 7.1 | L2: =COUNTIFS(G2:G1152,">=8",H2:H1152,">=8",I2:I1152,">=8") -> 131
A3: 北京 | B3: =VLOOKUP(A3,地区!$B$1:$C$43,2,0) -> 华北地区 | C3: 私房菜 | D3: 小东北私房菜 | E3: 1 | F3: 35 | G3: 6.9 | H3: 6.9 | I3: 6.9
A4: 北京 | B4: =VLOOKUP(A4,地区!$B$1:$C$43,2,0) -> 华北地区 | C4: 北京菜 | D4: 紫光园(常营店)分店 | E4: 4420 | F4: 74 | G4: 8.9 | H4: 8.5 | I4: 8.3
A5: 北京 | B5: =VLOOKUP(A5,地区!$B$1:$C$43,2,0) -> 华北地区 | C5: 粤菜 | D5: 汤城小厨(长楹天街购物中心店)分店 | E5: 6081 | F5: 89 | G5: 8.5 | H5: 8.8 | I5: 8.6
A6: 北京 | B6: =VLOOKUP(A6,地区!$B$1:$C$43,2,0) -> 华北地区 | C6: 粤菜 | D6: 德宏记·港式餐厅 | E6: 611 | F6: 78 | G6: 8 | H6: 8.8 | I6: 7.8
A7: 北京 | B7: =VLOOKUP(A7,地区!$B$1:$C$43,2,0) -> 华北地区 | C7: 粤菜 | D7: 乌镇会精品酒店文昌阁中餐厅 | E7: 178 | F7: 129 | G7: 8.8 | H7: 9.1 | I7: 8.9
A8: 北京 | B8: =VLOOKUP(A8,地区!$B$1:$C$43,2,0) -> 华北地区 | C8: 粤菜 | D8: 臻味潮汕砂锅粥(田村店)分店 | E8: 145 | F8: 65 | G8: 8.2 | H8: 8.3 | I8: 7.9
A9: 北京 | B9: =VLOOKUP(A9,地区!$B$1:$C$43,2,0) -> 华北地区 | C9: 粤菜 | D9: 香港九道港式茶餐厅(中粮万科长...分店 | E9: 819 | F9: 67 | G9: 7.8 | H9: 8.5 | I9: 8.2
A10: 北京 | B10: =VLOOKUP(A10,地区!$B$1:$C$43,2,0) -> 华北地区 | C10: 粤菜 | D10: 棕色茶餐厅 | E10: 13 | F10: 68 | G10: 7.4 | H10: 7.4 | I10: 7.5
A11: 北京 | B11: =VLOOKUP(A11,地区!$B$1:$C$43,2,0) -> 华北地区 | C11: 粤菜 | D11: 福临门 | E11: 68 | F11: 177 | G11: 6.7 | H11: 6.9 | I11: 6.7
A12: 北京 | B12: =VLOOKUP(A12,地区!$B$1:$C$43,2,0) -> 华北地区 | C12: 粤菜 | D12: 粤色天湘烤鸭家常菜 | E12: 305 | F12: 125 | G12: 7.1 | H12: 7.3 | I12: 7
A13: 北京 | B13: =VLOOKUP(A13,地区!$B$1:$C$43,2,0) -> 华北地区 | C13: 粉面馆 | D13: 贝尔特西餐厅Pentalounge | E13: 48 | F13: 84 | G13: 7.5 | H13: 7.9 | I13: 7.6
A14: 北京 | B14: =VLOOKUP(A14,地区!$B$1:$C$43,2,0) -> 华北地区 | C14: 粉面馆 | D14: 清真西直门老店拉面馆 | E14: 347 | F14: 31 | G14: 8.1 | H14: 7 | I14: 7.1
... A1152: 珠海 | B1152: =VLOOKUP(A1152,地区!$B$1:$C$43,2,0) -> 华南地区 | C1152: 小吃快餐 | D1152: 花溪牛肉粉(柠溪店) | E1152: 12 | F1152: 16 | G1152: 7 | H1152: 7 | I1152: 7

Sheet 地区
B1: 城市 | C1: 地区
B2: 沈阳 | C2: 东北地区
B3: 大连 | C3: 东北地区
B4: 长春 | C4: 东北地区
B5: 哈尔滨 | C5: 东北地区
B6: 北京 | C6: 华北地区
B7: 天津 | C7: 华北地区
B8: 石家庄 | C8: 华北地区
B9: 太原 | C9: 华北地区
B10: 西安 | C10: 西北地区
B11: 兰州 | C11: 西北地区
B12: 乌鲁木齐 | C12: 西北地区
... B43: 海口 | C43: 华南地区

Sheet 详情
C2: 点评 | D2: 人均 | E2: 口味 | F2: 环境 | G2: 服务 | H2: 迷你图
B3: 平均值 | C3: =AVERAGE(餐饮数据!E2:E1152) -> 181.32146 | D3: =AVERAGE(餐饮数据!F2:F1152) -> 51.195482 | E3: =AVERAGE(餐饮数据!G2:G1152) -> 7.458384 | F3: =AVERAGE(餐饮数据!H2:H1152) -> 7.4856646 | G3: =AVERAGE(餐饮数据!I2:I1152) -> 7.4544744
B4: 最大值 | C4: =MAX(餐饮数据!E2:E1152) -> 7691 | D4: =MAX(餐饮数据!F2:F1152) -> 462 | E4: =MAX(餐饮数据!G2:G1152) -> 9.2 | F4: =MAX(餐饮数据!H2:H1152) -> 9.3 | G4: =MAX(餐饮数据!I2:I1152) -> 9.2
B5: 最小值 | C5: =MIN(餐饮数据!E2:E1152) -> 1 | D5: =MIN(餐饮数据!F2:F1152) -> 3 | E5: =MIN(餐饮数据!G2:G1152) -> 6.2 | F5: =MIN(餐饮数据!H2:H1152) -> 5.7 | G5: =MIN(餐饮数据!I2:I1152) -> 5.8
B6: 求和 | C6: =SUM(餐饮数据!E2:E1152) -> 208701 | D6: =SUM(餐饮数据!F2:F1152) -> 58926 | E6: =SUM(餐饮数据!G2:G1152) -> 8584.6 | F6: =SUM(餐饮数据!H2:H1152) -> 8616 | G6: =SUM(餐饮数据!I2:I1152) -> 8580.1
B7: 中位数 | C7: =MEDIAN(餐饮数据!E2:E1152) -> 30 | D7: =MEDIAN(餐饮数据!F2:F1152) -> 42 | E7: =MEDIAN(餐饮数据!G2:G1152) -> 7.3 | F7: =MEDIAN(餐饮数据!H2:H1152) -> 7.4 | G7: =MEDIAN(餐饮数据!I2:I1152) -> 7.4
B8: 众数 | C8: =MODE(餐饮数据!E2:E1152) -> 1 | D8: =MODE(餐饮数据!F2:F1152) -> 30 | E8: =MODE(餐饮数据!G2:G1152) -> 7.2 | F8: =MODE(餐饮数据!H2:H1152) -> 7.2 | G8: =MODE(餐饮数据!I2:I1152) -> 7.3

Sheet 图表分析

Sheet 数据可视
B1: 类型 | C1: (全部)
B3: 地区 | C3: 标准偏差项:口味 | D3: 总体方差项:环境 | E3: 总体标准偏差项:服务
B4: 华北地区 | C4: 0.62904822 | D4: 0.45978453 | E4: 0.66284515
B5: 华东地区 | C5: 0.48885733 | D5: 0.31353 | E5: 0.51390422
B6: 华南地区 | C6: 0.43952478 | D6: 0.29939697 | E6: 0.48983861
B7: 华中地区 | C7: 0.51743904 | D7: 0.24472136 | E7: 0.51744267
B8: 总计 | C8: 0.5115531 | D8: 0.32918978 | E8: 0.53825507
