Workbook
Name Excel_BuiltIn__FilterDatabase: 法四!$A$2:$K$27

Sheet 法一
A1: 2012级法律专业一班期末成绩单
A2: 学号 | B2: 姓名 | C2: 英语 | D2: 体育 | E2: 计算机 | F2: 近代史 | G2: 法制史 | H2: 刑法 | I2: 民法 | J2: 法律英语 | K2: 立法法 | L2: 总分 | M2: 平均分 | N2: 班内排名
A3: 1201001 | B3: 潘志阳 | C3: 76.1 | D3: 82.8 | E3: 76.5 | F3: 75.8 | G3: 87.9 | H3: 76.8 | I3: 79.7 | J3: 83.9 | K3: 88.9 | L3: =SUM(C3:K3) -> 728.4 | M3: =AVERAGE(C3:K3) -> 80.933333 | N3: =RANK(L3,$L$3:$L$27) -> 20
A4: 1201002 | B4: 蒋文奇 | C4: 58.5 | D4: 88.7 | E4: 78.6 | F4: 69.6 | G4: 93.6 | H4: 87.3 | I4: 82.5 | J4: 81.5 | K4: 89.1 | L4: =SUM(C4:K4) -> 729.4 | M4: =AVERAGE(C4:K4) -> 81.044444 | N4: =RANK(L4,$L$3:$L$27) -> 19
A5: 1201003 | B5: 苗超鹏 | C5: 72.9 | D5: 89.9 | E5: 83.5 | F5: 73.1 | G5: 88.3 | H5: 77.4 | I5: 82.5 | J5: 87.4 | K5: 88.3 | L5: =SUM(C5:K5) -> 743.3 | M5: =AVERAGE(C5:K5) -> 82.588889 | N5: =RANK(L5,$L$3:$L$27) -> 15
A6: 1201004 | B6: 阮军胜 | C6: 81 | D6: 89.3 | E6: 73 | F6: 71 | G6: 89.3 | H6: 79.6 | I6: 87.4 | J6: 90 | K6: 86.6 | L6: =SUM(C6:K6) -> 747.2 | M6: =AVERAGE(C6:K6) -> 83.022222 | N6: =RANK(L6,$L$3:$L$27) -> 14
A7: 1201005 | B7: 邢尧磊 | C7: 78.5 | D7: 95.6 | E7: 66.5 | F7: 57.4 | G7: 84.6 | H7: 77.1 | I7: 81.1 | J7: 83.6 | K7: 88.6 | L7: =SUM(C7:K7) -> 713 | M7: =AVERAGE(C7:K7) -> 79.222222 | N7: =RANK(L7,$L$3:$L$27) -> 23
A8: 1201006 | B8: 王圣斌 | C8: 76.8 | D8: 89.6 | E8: 78.6 | F8: 80.1 | G8: 83.6 | H8: 81.8 | I8: 79.7 | J8: 83.2 | K8: 87.2 | L8: =SUM(C8:K8) -> 740.6 | M8: =AVERAGE(C8:K8) -> 82.288889 | N8: =RANK(L8,$L$3:$L$27) -> 16
A9: 1201007 | B9: 焦宝亮 | C9: 82.7 | D9: 88.2 | E9: 80 | F9: 80.8 | G9: 93.2 | H9: 84.5 | I9: 82.5 | J9: 82.1 | K9: 88.5 | L9: =SUM(C9:K9) -> 762.5 | M9: =AVERAGE(C9:K9) -> 84.722222 | N9: =RANK(L9,$L$3:$L$27) -> 11
A10: 1201008 | B10: 翁建民 | C10: 80 | D10: 80.1 | E10: 77.2 | F10: 74.4 | G10: 91.6 | H10: 70.1 | I10: 82.5 | J10: 84.4 | K10: 90.6 | L10: =SUM(C10:K10) -> 730.9 | M10: =AVERAGE(C10:K10) -> 81.211111 | N10: =RANK(L10,$L$3:$L$27) -> 18
A11: 1201009 | B11: 张志权 | C11: 76.6 | D11: 88.7 | E11: 72.3 | F11: 71.6 | G11: 85.6 | H11: 71.8 | I11: 80.4 | J11: 76.5 | K11: 90.3 | L11: =SUM(C11:K11) -> 713.8 | M11: =AVERAGE(C11:K11) -> 79.311111 | N11: =RANK(L11,$L$3:$L$27) -> 22
A12: 1201010 | B12: 李帅帅 | C12: 82 | D12: 80 | E12: 68 | F12: 80 | G12: 82.6 | H12: 78.8 | I12: 75.5 | J12: 80.9 | K12: 87.6 | L12: =SUM(C12:K12) -> 715.4 | M12: =AVERAGE(C12:K12) -> 79.488889 | N12: =RANK(L12,$L$3:$L$27) -> 21
A13: 1201011 | B13: 王帅 | C13: 67.5 | D13: 70 | E13: 83.5 | F13: 77.2 | G13: 83.6 | H13: 58.4 | I13: 80.4 | J13: 76.5 | K13: 88.5 | L13: =SUM(C13:K13) -> 685.6 | M13: =AVERAGE(C13:K13) -> 76.177778 | N13: =RANK(L13,$L$3:$L$27) -> 25
A14: 1201012 | B14: 乔泽宇 | C14: 86.3 | D14: 84.2 | E14: 90.5 | F14: 80.8 | G14: 86.6 | H14: 82.8 | I14: 87.4 | J14: 85.1 | K14: 91.7 | L14: =SUM(C14:K14) -> 775.4 | M14: =AVERAGE(C14:K14) -> 86.155556 | N14: =RANK(L14,$L$3:$L$27) -> 5
... A27: 1201025 | B27: 高琳 | C27: 91.4 | D27: 91.2 | E27: 79.9 | F27: 85.1 | G27: 88.9 | H27: 83.7 | I27: 83.2 | J27: 91.5 | K27: 89.3 | L27: =SUM(C27:K27) -> 784.2 | M27: =AVERAGE(C27:K27) -> 87.133333 | N27: =RANK(L27,$L$3:$L$27) -> 4
B28: 平均分 | C28: =AVERAGE(C3:C27) -> 80.3 | D28: =AVERAGE(D3:D27) -> 85.852 | E28: =AVERAGE(E3:E27) -> 80.144 | F28: =AVERAGE(F3:F27) -> 77.936 | G28: =AVERAGE(G3:G27) -> 88.176 | H28: =AVERAGE(H3:H27) -> 79.068 | I28: =AVERAGE(I3:I27) -> 82.304 | J28: =AVERAGE(J3:J27) -> 86.108 | K28: =AVERAGE(K3:K27) -> 88.604 | L28: =SUM(C28:K28) -> 748.492 | M28: =AVERAGE(C28:K28) -> 83.165778

Sheet 法二
A1: 2012级法律专业二班期末成绩单
A2: 学号 | B2: 姓名 | C2: 英语 | D2: 体育 | E2: 计算机 | F2: 近代史 | G2: 法制史 | H2: 刑法 | I2: 民法 | J2: 法律英语 | K2: 立法法 | L2: 总分 | M2: 平均分 | N2: 班内排名
A3: 1202001 | B3: 朱朝阳 | C3: 84.4 | D3: 93.6 | E3: 65.8 | F3: 80 | G3: 88.6 | H3: 79.5 | I3: 77.6 | J3: 85.8 | K3: 86.4 | L3: =SUM(C3:K3) -> 741.7 | M3: =AVERAGE(C3:K3) -> 82.411111 | N3: =RANK(L3,$L$3:$L$27) -> 20
A4: 1202002 | B4: 娄欣 | C4: 87.9 | D4: 90.2 | E4: 92.8 | F4: 87.9 | G4: 91.6 | H4: 90.1 | I4: 90.2 | J4: 83 | K4: 87.6 | L4: =SUM(C4:K4) -> 801.3 | M4: =AVERAGE(C4:K4) -> 89.033333 | N4: =RANK(L4,$L$3:$L$27) -> 2
A5: 1202003 | B5: 李靖 | C5: 88.8 | D5: 87.4 | E5: 83.5 | F5: 75.9 | G5: 84.6 | H5: 80.9 | I5: 82.5 | J5: 85.5 | K5: 88.8 | L5: =SUM(C5:K5) -> 757.9 | M5: =AVERAGE(C5:K5) -> 84.211111 | N5: =RANK(L5,$L$3:$L$27) -> 14
A6: 1202004 | B6: 员江涛 | C6: 79.9 | D6: 92 | E6: 53 | F6: 71 | G6: 81.6 | H6: 83.7 | I6: 86 | J6: 92.9 | K6: 87.7 | L6: =SUM(C6:K6) -> 727.8 | M6: =AVERAGE(C6:K6) -> 80.866667 | N6: =RANK(L6,$L$3:$L$27) -> 23
A7: 1202005 | B7: 任禹豪 | C7: 79.9 | D7: 82.4 | E7: 83.5 | F7: 91.5 | G7: 84.3 | H7: 82.3 | I7: 88.1 | J7: 90 | K7: 91.8 | L7: =SUM(C7:K7) -> 773.8 | M7: =AVERAGE(C7:K7) -> 85.977778 | N7: =RANK(L7,$L$3:$L$27) -> 8
A8: 1202006 | B8: 郭宝忠 | C8: 79.2 | D8: 90.4 | E8: 73 | F8: 76.6 | G8: 86.6 | H8: 75.3 | I8: 79.7 | J8: 85.1 | K8: 87.4 | L8: =SUM(C8:K8) -> 733.3 | M8: =AVERAGE(C8:K8) -> 81.477778 | N8: =RANK(L8,$L$3:$L$27) -> 22
A9: 1202007 | B9: 高小满 | C9: 78.8 | D9: 90.3 | E9: 71.6 | F9: 74.5 | G9: 86.3 | H9: 79.5 | I9: 83.2 | J9: 92.9 | K9: 90.1 | L9: =SUM(C9:K9) -> 747.2 | M9: =AVERAGE(C9:K9) -> 83.022222 | N9: =RANK(L9,$L$3:$L$27) -> 17
A10: 1202008 | B10: 姚祥 | C10: 83.7 | D10: 82.2 | E10: 76.5 | F10: 83.7 | G10: 83.6 | H10: 85 | I10: 80.4 | J10: 76.5 | K10: 87.3 | L10: =SUM(C10:K10) -> 738.9 | M10: =AVERAGE(C10:K10) -> 82.1 | N10: =RANK(L10,$L$3:$L$27) -> 21
A11: 1202009 | B11: 万海望 | C11: 75.4 | D11: 87.7 | E11: 83.5 | F11: 75.9 | G11: 79.2 | H11: 86.8 | I11: 81.8 | J11: 85.1 | K11: 90 | L11: =SUM(C11:K11) -> 745.4 | M11: =AVERAGE(C11:K11) -> 82.822222 | N11: =RANK(L11,$L$3:$L$27) -> 18
A12: 1202010 | B12: 齐昴跻 | C12: 84.2 | D12: 87.8 | E12: 68.6 | F12: 87.2 | G12: 87.6 | H12: 80.9 | I12: 86 | J12: 84.7 | K12: 90.2 | L12: =SUM(C12:K12) -> 757.2 | M12: =AVERAGE(C12:K12) -> 84.133333 | N12: =RANK(L12,$L$3:$L$27) -> 15
A13: 1202011 | B13: 刘银超 | C13: 86.5 | D13: 88.2 | E13: 80.7 | F13: 57.9 | G13: 84.9 | H13: 73.7 | I13: 79.7 | J13: 82.7 | K13: 87.7 | L13: =SUM(C13:K13) -> 722 | M13: =AVERAGE(C13:K13) -> 80.222222 | N13: =RANK(L13,$L$3:$L$27) -> 25
A14: 1202012 | B14: 李蕾 | C14: 79.3 | D14: 89.2 | E14: 84.2 | F14: 87.2 | G14: 89.9 | H14: 85.3 | I14: 78.3 | J14: 88.1 | K14: 90.6 | L14: =SUM(C14:K14) -> 772.1 | M14: =AVERAGE(C14:K14) -> 85.788889 | N14: =RANK(L14,$L$3:$L$27) -> 9
... A27: 1202025 | B27: 马亚茹 | C27: 76.2 | D27: 90 | E27: 92.8 | F27: 84.4 | G27: 90.6 | H27: 80.4 | I27: 79 | J27: 94.3 | K27: 89.1 | L27: =SUM(C27:K27) -> 776.8 | M27: =AVERAGE(C27:K27) -> 86.311111 | N27: =RANK(L27,$L$3:$L$27) -> 6
B28: 平均分 | C28: =AVERAGE(C3:C27) -> 83.008 | D28: =AVERAGE(D3:D27) -> 88.584 | E28: =AVERAGE(E3:E27) -> 80.176 | F28: =AVERAGE(F3:F27) -> 80.884 | G28: =AVERAGE(G3:G27) -> 87.916 | H28: =AVERAGE(H3:H27) -> 81.276 | I28: =AVERAGE(I3:I27) -> 81.94 | J28: =AVERAGE(J3:J27) -> 87.448 | K28: =AVERAGE(K3:K27) -> 89.204 | L28: =SUM(C28:K28) -> 760.436 | M28: =AVERAGE(C28:K28) -> 84.492889

Sheet 法三
A1: 2012级法律专业三班期末成绩单
A2: 学号 | B2: 姓名 | C2: 英语 | D2: 体育 | E2: 计算机 | F2: 近代史 | G2: 法制史 | H2: 刑法 | I2: 民法 | J2: 法律英语 | K2: 立法法 | L2: 总分 | M2: 平均分 | N2: 班内排名
A3: 1203001 | B3: 李孟亚 | C3: 78.3 | D3: 89.6 | E3: 90.5 | F3: 71.6 | G3: 85 | H3: 75 | I3: 76.9 | J3: 85.1 | K3: 88.4 | L3: =SUM(C3:K3) -> 740.4 | M3: =AVERAGE(C3:K3) -> 82.266667 | N3: =RANK(L3,$L$3:$L$27) -> 16
A4: 1203002 | B4: 张钟英 | C4: 81.7 | D4: 89.1 | E4: 76.3 | F4: 79.4 | G4: 86.2 | H4: 88.7 | I4: 84.6 | J4: 85.5 | K4: 88.1 | L4: =SUM(C4:K4) -> 759.6 | M4: =AVERAGE(C4:K4) -> 84.4 | N4: =RANK(L4,$L$3:$L$27) -> 6
A5: 1203003 | B5: 张盼光 | C5: 82 | D5: 80.2 | E5: 86.3 | F5: 75.2 | G5: 83.1 | H5: 81.8 | I5: 80.4 | J5: 73.4 | K5: 89.3 | L5: =SUM(C5:K5) -> 731.7 | M5: =AVERAGE(C5:K5) -> 81.3 | N5: =RANK(L5,$L$3:$L$27) -> 17
A6: 1203004 | B6: 刘壮 | C6: 93.4 | D6: 90.1 | E6: 78.6 | F6: 83.6 | G6: 69.4 | H6: 70.4 | I6: 74.8 | J6: 80.6 | K6: 89.9 | L6: =SUM(C6:K6) -> 730.8 | M6: =AVERAGE(C6:K6) -> 81.2 | N6: =RANK(L6,$L$3:$L$27) -> 18
A7: 1203005 | B7: 张林宽 | C7: 69.9 | D7: 89.3 | E7: 91.2 | F7: 87.2 | G7: 86.4 | H7: 81 | I7: 79 | J7: 81 | K7: 90.3 | L7: =SUM(C7:K7) -> 755.3 | M7: =AVERAGE(C7:K7) -> 83.922222 | N7: =RANK(L7,$L$3:$L$27) -> 8
A8: 1203006 | B8: 王晟仕 | C8: 70 | D8: 85.5 | E8: 68.6 | F8: 66 | G8: 71.1 | H8: 69 | I8: 54 | J8: 68.4 | K8: 85.7 | L8: =SUM(C8:K8) -> 638.3 | M8: =AVERAGE(C8:K8) -> 70.922222 | N8: =RANK(L8,$L$3:$L$27) -> 25
A9: 1203007 | B9: 刘刚 | C9: 85.2 | D9: 86.5 | E9: 76.5 | F9: 75.2 | G9: 70.4 | H9: 77.6 | I9: 75.5 | J9: 79.5 | K9: 88.3 | L9: =SUM(C9:K9) -> 714.7 | M9: =AVERAGE(C9:K9) -> 79.411111 | N9: =RANK(L9,$L$3:$L$27) -> 22
A10: 1203008 | B10: 丁世营 | C10: 89.6 | D10: 93.6 | E10: 81.4 | F10: 87.2 | G10: 71.4 | H10: 88 | I10: 81.8 | J10: 85 | K10: 89.9 | L10: =SUM(C10:K10) -> 767.9 | M10: =AVERAGE(C10:K10) -> 85.322222 | N10: =RANK(L10,$L$3:$L$27) -> 4
A11: 1203009 | B11: 刘丛 | C11: 85.7 | D11: 49.5 | E11: 65.8 | F11: 76.6 | G11: 70.7 | H11: 81.1 | I11: 79 | J11: 80.6 | K11: 87.6 | L11: =SUM(C11:K11) -> 676.6 | M11: =AVERAGE(C11:K11) -> 75.177778 | N11: =RANK(L11,$L$3:$L$27) -> 24
A12: 1203010 | B12: 彭鹏 | C12: 84 | D12: 80.6 | E12: 76.5 | F12: 75.1 | G12: 71.5 | H12: 69.7 | I12: 83.2 | J12: 87.6 | K12: 88.2 | L12: =SUM(C12:K12) -> 716.4 | M12: =AVERAGE(C12:K12) -> 79.6 | N12: =RANK(L12,$L$3:$L$27) -> 21
A13: 1203011 | B13: 李硕果 | C13: 85.6 | D13: 90 | E13: 82.8 | F13: 70.2 | G13: 88.6 | H13: 82.5 | I13: 84.6 | J13: 86.5 | K13: 90.7 | L13: =SUM(C13:K13) -> 761.5 | M13: =AVERAGE(C13:K13) -> 84.611111 | N13: =RANK(L13,$L$3:$L$27) -> 5
A14: 1203012 | B14: 朱艺鑫 | C14: 83.4 | D14: 84.9 | E14: 77.2 | F14: 68.9 | G14: 88.7 | H14: 87.3 | I14: 72 | J14: 78 | K14: 86.2 | L14: =SUM(C14:K14) -> 726.6 | M14: =AVERAGE(C14:K14) -> 80.733333 | N14: =RANK(L14,$L$3:$L$27) -> 19
... A27: 1203025 | B27: 马杰 | C27: 52.2 | D27: 93.2 | E27: 78.4 | F27: 74.8 | G27: 69.5 | H27: 81.4 | I27: 88.1 | J27: 61.9 | K27: 84.3 | L27: =SUM(C27:K27) -> 683.8 | M27: =AVERAGE(C27:K27) -> 75.977778 | N27: =RANK(L27,$L$3:$L$27) -> 23
B28: 平均分 | C28: =AVERAGE(C3:C27) -> 81.136 | D28: =AVERAGE(D3:D27) -> 85.792 | E28: =AVERAGE(E3:E27) -> 80.156 | F28: =AVERAGE(F3:F27) -> 77.884 | G28: =AVERAGE(G3:G27) -> 80.696 | H28: =AVERAGE(H3:H27) -> 81.944 | I28: =AVERAGE(I3:I27) -> 78.828 | J28: =AVERAGE(J3:J27) -> 84.08 | K28: =AVERAGE(K3:K27) -> 88.96 | L28: =SUM(C28:K28) -> 739.476 | M28: =AVERAGE(C28:K28) -> 82.164

Sheet 法四
A1: 2012级法律专业四班期末成绩单
A2: 学号 | B2: 姓名 | C2: 英语 | D2: 体育 | E2: 近代史 | F2: 计算机 | G2: 法制史 | H2: 刑法 | I2: 民法 | J2: 法律英语 | K2: 立法法 | L2: 总分 | M2: 平均分 | N2: 班内排名
A3: 1204001 | B3: 丁志民 | C3: 73.4 | D3: 83.5 | E3: 73.5 | F3: 79.4 | G3: 72 | H3: 89.4 | I3: 82.5 | J3: 76.5 | K3: 88.5 | L3: =SUM(C3:K3) -> 718.7 | M3: =AVERAGE(C3:K3) -> 79.855556 | N3: =RANK(L3,$L$3:$L$27) -> 23
A4: 1204002 | B4: 郭艳超 | C4: 90 | D4: 83.6 | E4: 94.2 | F4: 73.8 | G4: 86.6 | H4: 86.6 | I4: 87.4 | J4: 92.9 | K4: 92.7 | L4: =SUM(C4:K4) -> 787.8 | M4: =AVERAGE(C4:K4) -> 87.533333 | N4: =RANK(L4,$L$3:$L$27) -> 2
A5: 1204003 | B5: 王自豪 | C5: 85.9 | D5: 82.1 | E5: 84.9 | F5: 78.7 | G5: 93 | H5: 75.2 | I5: 79 | J5: 80.6 | K5: 89.2 | L5: =SUM(C5:K5) -> 748.6 | M5: =AVERAGE(C5:K5) -> 83.177778 | N5: =RANK(L5,$L$3:$L$27) -> 8
A6: 1204004 | B6: 杨一帆 | C6: 80.3 | D6: 85.1 | E6: 84.2 | F6: 74.4 | G6: 81.2 | H6: 75 | I6: 72.7 | J6: 84.1 | K6: 86.9 | L6: =SUM(C6:K6) -> 723.9 | M6: =AVERAGE(C6:K6) -> 80.433333 | N6: =RANK(L6,$L$3:$L$27) -> 19
A7: 1204005 | B7: 赵蒙 | C7: 81 | D7: 87 | E7: 83.5 | F7: 68.8 | G7: 73.5 | H7: 80.4 | I7: 76.9 | J7: 80.6 | K7: 87.4 | L7: =SUM(C7:K7) -> 719.1 | M7: =AVERAGE(C7:K7) -> 79.9 | N7: =RANK(L7,$L$3:$L$27) -> 22
A8: 1204006 | B8: 牛灿灿 | C8: 87.6 | D8: 86.3 | E8: 81.4 | F8: 71.7 | G8: 85 | H8: 82.5 | I8: 86 | J8: 80.9 | K8: 86.3 | L8: =SUM(C8:K8) -> 747.7 | M8: =AVERAGE(C8:K8) -> 83.077778 | N8: =RANK(L8,$L$3:$L$27) -> 9
A9: 1204007 | B9: 陈辰 | C9: 79.7 | D9: 94.8 | E9: 92.7 | F9: 85.1 | G9: 94.4 | H9: 88.7 | I9: 84.6 | J9: 91.1 | K9: 91.7 | L9: =SUM(C9:K9) -> 802.8 | M9: =AVERAGE(C9:K9) -> 89.2 | N9: =RANK(L9,$L$3:$L$27) -> 1
A10: 1204008 | B10: 陈亚杰 | C10: 73.4 | D10: 90 | E10: 80.7 | F10: 73.1 | G10: 84.9 | H10: 81.8 | I10: 79 | J10: 85.5 | K10: 86.3 | L10: =SUM(C10:K10) -> 734.7 | M10: =AVERAGE(C10:K10) -> 81.633333 | N10: =RANK(L10,$L$3:$L$27) -> 15
A11: 1204009 | B11: 张万春 | C11: 83.5 | D11: 84.5 | E11: 73.5 | F11: 78.7 | G11: 84.8 | H11: 88.7 | I11: 80.4 | J11: 92.9 | K11: 89.4 | L11: =SUM(C11:K11) -> 756.4 | M11: =AVERAGE(C11:K11) -> 84.044444 | N11: =RANK(L11,$L$3:$L$27) -> 5
A12: 1204010 | B12: 胡长城 | C12: 69.1 | D12: 88.5 | E12: 85.6 | F12: 71.7 | G12: 84.5 | H12: 75 | I12: 59 | J12: 82.7 | K12: 87.9 | L12: =SUM(C12:K12) -> 704 | M12: =AVERAGE(C12:K12) -> 78.222222 | N12: =RANK(L12,$L$3:$L$27) -> 25
A13: 1204011 | B13: 叶自力 | C13: 84.8 | D13: 51.8 | E13: 91.4 | F13: 73.7 | G13: 84.9 | H13: 86.6 | I13: 79.7 | J13: 84.1 | K13: 85.9 | L13: =SUM(C13:K13) -> 722.9 | M13: =AVERAGE(C13:K13) -> 80.322222 | N13: =RANK(L13,$L$3:$L$27) -> 20
A14: 1204012 | B14: 杨伟 | C14: 78.2 | D14: 75.1 | E14: 77.2 | F14: 80.1 | G14: 84.4 | H14: 81.8 | I14: 83.2 | J14: 84.5 | K14: 89.6 | L14: =SUM(C14:K14) -> 734.1 | M14: =AVERAGE(C14:K14) -> 81.566667 | N14: =RANK(L14,$L$3:$L$27) -> 16
... A27: 1204025 | B27: 李佳旭 | C27: 89.3 | D27: 77.4 | E27: 73.5 | F27: 75.9 | G27: 94.4 | H27: 88 | I27: 83.2 | J27: 88.8 | K27: 86.3 | L27: =SUM(C27:K27) -> 756.8 | M27: =AVERAGE(C27:K27) -> 84.088889 | N27: =RANK(L27,$L$3:$L$27) -> 4
B28: 平均分 | C28: =AVERAGE(C3:C27) -> 82.136 | D28: =AVERAGE(D3:D27) -> 84.052 | E28: =AVERAGE(E3:E27) -> 79.248 | F28: =AVERAGE(F3:F27) -> 77.184 | G28: =AVERAGE(G3:G27) -> 81.832 | H28: =AVERAGE(H3:H27) -> 82.4 | I28: =AVERAGE(I3:I27) -> 79.18 | J28: =AVERAGE(J3:J27) -> 86.156 | K28: =AVERAGE(K3:K27) -> 88.768 | L28: =SUM(C28:K28) -> 740.956 | M28: =AVERAGE(C28:K28) -> 82.328444

Sheet 总体情况表
A1: 2012级法律专业班级期末成绩总体情况表
A2: 班级 | B2: 英语 | C2: 体育 | D2: 计算机 | E2: 近代史 | F2: 法制史 | G2: 刑法 | H2: 民法 | I2: 法律英语 | J2: 立法法 | K2: 总分 | L2: 平均分 | M2: 排名
A3: 法一 | B3: =AVERAGE(法一!C3:C27) -> 80.3 | C3: =AVERAGE(法一!D3:D27) -> 85.852 | D3: =AVERAGE(法一!E3:E27) -> 80.144 | E3: =AVERAGE(法一!F3:F27) -> 77.936 | F3: =AVERAGE(法一!G3:G27) -> 88.176 | G3: =AVERAGE(法一!H3:H27) -> 79.068 | H3: =AVERAGE(法一!I3:I27) -> 82.304 | I3: =AVERAGE(法一!J3:J27) -> 86.108 | J3: =AVERAGE(法一!K3:K27) -> 88.604 | K3: =SUM(B3:J3) -> 748.492 | L3: =AVERAGE(B3:J3) -> 83.165778 | M3: =RANK(K3,$K$3:$K$6) -> 2
A4: 法二 | B4: =AVERAGE(法二!C3:C27) -> 83.008 | C4: =AVERAGE(法二!D3:D27) -> 88.584 | D4: =AVERAGE(法二!E3:E27) -> 80.176 | E4: =AVERAGE(法二!F3:F27) -> 80.884 | F4: =AVERAGE(法二!G3:G27) -> 87.916 | G4: =AVERAGE(法二!H3:H27) -> 81.276 | H4: =AVERAGE(法二!I3:I27) -> 81.94 | I4: =AVERAGE(法二!J3:J27) -> 87.448 | J4: =AVERAGE(法二!K3:K27) -> 89.204 | K4: =SUM(B4:J4) -> 760.436 | L4: =AVERAGE(B4:J4) -> 84.492889 | M4: =RANK(K4,$K$3:$K$6) -> 1
A5: 法三 | B5: =AVERAGE(法三!C3:C27) -> 81.136 | C5: =AVERAGE(法三!D3:D27) -> 85.792 | D5: =AVERAGE(法三!E3:E27) -> 80.156 | E5: =AVERAGE(法三!F3:F27) -> 77.884 | F5: =AVERAGE(法三!G3:G27) -> 80.696 | G5: =AVERAGE(法三!H3:H27) -> 81.944 | H5: =AVERAGE(法三!I3:I27) -> 78.828 | I5: =AVERAGE(法三!J3:J27) -> 84.08 | J5: =AVERAGE(法三!K3:K27) -> 88.96 | K5: =SUM(B5:J5) -> 739.476 | L5: =AVERAGE(B5:J5) -> 82.164 | M5: =RANK(K5,$K$3:$K$6) -> 4
A6: 法四 | B6: =AVERAGE(法四!C3:C27) -> 82.136 | C6: =AVERAGE(法四!D3:D27) -> 84.052 | D6: =AVERAGE(法四!E3:E27) -> 79.248 | E6: =AVERAGE(法四!F3:F27) -> 77.184 | F6: =AVERAGE(法四!G3:G27) -> 81.832 | G6: =AVERAGE(法四!H3:H27) -> 82.4 | H6: =AVERAGE(法四!I3:I27) -> 79.18 | I6: =AVERAGE(法四!J3:J27) -> 86.156 | J6: =AVERAGE(法四!K3:K27) -> 88.768 | K6: =SUM(B6:J6) -> 740.956 | L6: =AVERAGE(B6:J6) -> 82.328444 | M6: =RANK(K6,$K$3:$K$6) -> 3
A7: 总平均分 | B7: =AVERAGE(B2:B6) -> 81.645 | C7: =AVERAGE(C2:C6) -> 86.07 | D7: =AVERAGE(D2:D6) -> 79.931 | E7: =AVERAGE(E2:E6) -> 78.472 | F7: =AVERAGE(F2:F6) -> 84.655 | G7: =AVERAGE(G2:G6) -> 81.172 | H7: =AVERAGE(H2:H6) -> 80.563 | I7: =AVERAGE(I2:I6) -> 85.948 | J7: =AVERAGE(J2:J6) -> 88.884 | K7: =SUM(B7:J7) -> 747.34 | L7: =AVERAGE(B7:J7) -> 83.037778
