Workbook
Name 员工资料统计表: 员工资料统计表!$A$1:$O$30

Sheet 图表统计
A1: 民族 | B1: (全部)
A3: 计数项:性别 | B3: 学历
A4: 部门 | B4: 本科 | C4: 大专 | D4: 研究生 | E4: 总计
A5: 销售部 | B5: 5 | C5: 2 | D5: 3 | E5: 10
A6: 行政部 | B6: 5 | C6: 1 | D6: 1 | E6: 7
A7: 生产部 | B7: 3 | C7: 1 | D7: 1 | E7: 5
A8: 财务部 | B8: 2 | C8: 1 | D8: 2 | E8: 5
A9: 总计 | B9: 15 | C9: 5 | D9: 7 | E9: 27

Sheet 员工资料统计表
A1: 员工资料统计表
A2: 员工编号 | B2: 部门 | C2: 姓名 | D2: 职称 | E2: 身份证号码 | F2: 性别 | G2: 出生日期 | H2: 民族 | I2: 籍贯 | J2: 婚姻状况 | K2: 血型 | L2: 学历 | M2: 入职时间 | N2: 联系电话 | O2: 电子邮件
A4: 120001 | B4: 销售部 | C4: 王强 | D4: 大区经理 | E4: 511027198101021161 | F4: =IF(MOD(MID(E4,17,1),2)=0,"女","男") -> 女 | G4: =DATE(MID(E4,7,VLOOKUP(LEN(E4),{15,2;18,4},2,0)),MID(E4,VLOOKUP(LEN(E4),{15,9;18,11},2,0),2),MID(E4,VLOOKUP(LEN(E4),{15,11;18,13},2,0),2)) -> 29588 | H4: 汉族 | I4: 安徽-合肥 | J4: 未婚 | K4: O | L4: 本科 | M4: 38492 | N4: 1372545675 | O4: AB120001@126.com
A5: 120002 | B5: 销售部 | C5: 王波 | D5: 区域经理 | E5: 520112198302011142 | F5: =IF(MOD(MID(E5,17,1),2)=0,"女","男") -> 女 | G5: =DATE(MID(E5,7,VLOOKUP(LEN(E5),{15,2;18,4},2,0)),MID(E5,VLOOKUP(LEN(E5),{15,9;18,11},2,0),2),MID(E5,VLOOKUP(LEN(E5),{15,11;18,13},2,0),2)) -> 30348 | H5: 汉族 | I5: 安徽-安庆 | J5: 未婚 | K5: O | L5: 大专 | M5: 38502 | N5: 1382574486 | O5: AB120002@126.com
A6: 120003 | B6: 销售部 | C6: 周昊 | D6: 业务员 | E6: 145230198703101033 | F6: =IF(MOD(MID(E6,17,1),2)=0,"女","男") -> 男 | G6: =DATE(MID(E6,7,VLOOKUP(LEN(E6),{15,2;18,4},2,0)),MID(E6,VLOOKUP(LEN(E6),{15,9;18,11},2,0),2),MID(E6,VLOOKUP(LEN(E6),{15,11;18,13},2,0),2)) -> 31846 | H6: 汉族 | I6: 安徽-芜湖 | J6: 未婚 | K6: A | L6: 研究生 | M6: 38906 | N6: 1523654757 | O6: AB120003@126.com
A7: 120004 | B7: 销售部 | C7: 王明 | D7: 业务员 | E7: 143021198502110294 | F7: =IF(MOD(MID(E7,17,1),2)=0,"女","男") -> 男 | G7: =DATE(MID(E7,7,VLOOKUP(LEN(E7),{15,2;18,4},2,0)),MID(E7,VLOOKUP(LEN(E7),{15,9;18,11},2,0),2),MID(E7,VLOOKUP(LEN(E7),{15,11;18,13},2,0),2)) -> 31089 | H7: 汉族 | I7: 安徽-马鞍山 | J7: 未婚 | K7: B | L7: 本科 | M7: 38906 | N7: 1536897454 | O7: AB120004@126.com
A8: 120005 | B8: 销售部 | C8: 张兰 | D8: 业务员 | E8: 135620198102120595 | F8: =IF(MOD(MID(E8,17,1),2)=0,"女","男") -> 男 | G8: =DATE(MID(E8,7,VLOOKUP(LEN(E8),{15,2;18,4},2,0)),MID(E8,VLOOKUP(LEN(E8),{15,9;18,11},2,0),2),MID(E8,VLOOKUP(LEN(E8),{15,11;18,13},2,0),2)) -> 29629 | H8: 汉族 | I8: 湖南-长沙 | J8: 未婚 | K8: O | L8: 本科 | M8: 39303 | N8: 1574687454 | O8: AB120005@126.com
A9: 120006 | B9: 销售部 | C9: 王菲 | D9: 大区经理 | E9: 163895198711023886 | F9: =IF(MOD(MID(E9,17,1),2)=0,"女","男") -> 女 | G9: =DATE(MID(E9,7,VLOOKUP(LEN(E9),{15,2;18,4},2,0)),MID(E9,VLOOKUP(LEN(E9),{15,9;18,11},2,0),2),MID(E9,VLOOKUP(LEN(E9),{15,11;18,13},2,0),2)) -> 32083 | H9: 汉族 | I9: 湖南-株洲 | J9: 未婚 | K9: A | L9: 大专 | M9: 40027 | N9: 1596834575 | O9: AB120006@126.com
A10: 120007 | B10: 销售部 | C10: 周明启 | D10: 业务员 | E10: 536021198312031787 | F10: =IF(MOD(MID(E10,17,1),2)=0,"女","男") -> 女 | G10: =DATE(MID(E10,7,VLOOKUP(LEN(E10),{15,2;18,4},2,0)),MID(E10,VLOOKUP(LEN(E10),{15,9;18,11},2,0),2),MID(E10,VLOOKUP(LEN(E10),{15,11;18,13},2,0),2)) -> 30653 | H10: 汉族 | I10: 湖南-株洲 | J10: 未婚 | K10: B | L10: 研究生 | M10: 40030 | N10: 1535247865 | O10: AB120007@126.com
A11: 120008 | B11: 销售部 | C11: 王俊 | D11: 业务员 | E11: 144321198712081218 | F11: =IF(MOD(MID(E11,17,1),2)=0,"女","男") -> 男 | G11: =DATE(MID(E11,7,VLOOKUP(LEN(E11),{15,2;18,4},2,0)),MID(E11,VLOOKUP(LEN(E11),{15,9;18,11},2,0),2),MID(E11,VLOOKUP(LEN(E11),{15,11;18,13},2,0),2)) -> 32119 | H11: 汉族 | I11: 四川-成都 | J11: 未婚 | K11: A | L11: 研究生 | M11: 39874 | N11: 1553562441 | O11: AB120008@126.com
A12: 120009 | B12: 销售部 | C12: 黄恒 | D12: 区域经理 | E12: 143621198712130219 | F12: =IF(MOD(MID(E12,17,1),2)=0,"女","男") -> 男 | G12: =DATE(MID(E12,7,VLOOKUP(LEN(E12),{15,2;18,4},2,0)),MID(E12,VLOOKUP(LEN(E12),{15,9;18,11},2,0),2),MID(E12,VLOOKUP(LEN(E12),{15,11;18,13},2,0),2)) -> 32124 | H12: 汉族 | I12: 四川-成都 | J12: 未婚 | K12: B | L12: 本科 | M12: 40002 | N12: 1396857554 | O12: AB120009@126.com
A13: 120010 | B13: 销售部 | C13: 周伊 | D13: 区域经理 | E13: 163021198312250151 | F13: =IF(MOD(MID(E13,17,1),2)=0,"女","男") -> 男 | G13: =DATE(MID(E13,7,VLOOKUP(LEN(E13),{15,2;18,4},2,0)),MID(E13,VLOOKUP(LEN(E13),{15,9;18,11},2,0),2),MID(E13,VLOOKUP(LEN(E13),{15,11;18,13},2,0),2)) -> 30675 | H13: 汉族 | I13: 山西-太原 | J13: 未婚 | K13: O | L13: 本科 | M13: 40273 | N13: 1526587474 | O13: AB120010@126.com
A14: 120011 | B14: 行政部 | C14: 周宇 | D14: 助理 | E14: 186352198711052332 | F14: =IF(MOD(MID(E14,17,1),2)=0,"女","男") -> 男 | G14: =DATE(MID(E14,7,VLOOKUP(LEN(E14),{15,2;18,4},2,0)),MID(E14,VLOOKUP(LEN(E14),{15,9;18,11},2,0),2),MID(E14,VLOOKUP(LEN(E14),{15,11;18,13},2,0),2)) -> 32086 | H14: 汉族 | I14: 山西-榆次 | J14: 已婚 | K14: AB | L14: 本科 | M14: 40367 | N14: 1527897485 | O14: AB120011@126.com
A15: 130012 | B15: 行政部 | C15: 王宙 | D15: 秘书长 | E15: 178024198302130243 | F15: =IF(MOD(MID(E15,17,1),2)=0,"女","男") -> 女 | G15: =DATE(MID(E15,7,VLOOKUP(LEN(E15),{15,2;18,4},2,0)),MID(E15,VLOOKUP(LEN(E15),{15,9;18,11},2,0),2),MID(E15,VLOOKUP(LEN(E15),{15,11;18,13},2,0),2)) -> 30360 | H15: 汉族 | I15: 河北-石家庄 | J15: 未婚 | K15: A | L15: 大专 | M15: 39772 | N15: 1554857487 | O15: AB130012@126.com
... A30: 150027 | B30: 财务部 | C30: 张平 | D30: 经理 | E30: 511027199302102849 | F30: =IF(MOD(MID(E30,17,1),2)=0,"女","男") -> 女 | G30: =DATE(MID(E30,7,VLOOKUP(LEN(E30),{15,2;18,4},2,0)),MID(E30,VLOOKUP(LEN(E30),{15,9;18,11},2,0),2),MID(E30,VLOOKUP(LEN(E30),{15,11;18,13},2,0),2)) -> 34010 | H30: 汉族 | I30: 河北-石家庄 | J30: 未婚 | K30: AB | L30: 研究生 | M30: 39388 | N30: 1374857455 | O30: AB150027@126.com

Sheet 各部门员工资料统计
A1: 各部门员工资料统计表
A2: 部门名称 | B2: 人数 | D2: 学历
B3: 人数 | C3: 百分比 | D3: 大专 | E3: 本科 | F3: 研究生
A4: 销售部 | B4: =COUNTIF(员工资料统计表!$B$2:$B$30,A4) -> 10 | C4: =B4/COUNT(员工资料统计表!$A$4:$A$30) -> 0.37037037 | D4: =COUNTIFS(员工资料统计表!$B$4:$B$30,$A4,员工资料统计表!$L$4:$L$30,$D$3) -> 2 | E4: =COUNTIFS(员工资料统计表!$B$4:$B$30,$A4,员工资料统计表!$L$4:$L$30,E$3) -> 5 | F4: =COUNTIFS(员工资料统计表!$B$4:$B$30,$A4,员工资料统计表!$L$4:$L$30,F$3) -> 3
A5: 行政部 | B5: =COUNTIF(员工资料统计表!$B$2:$B$30,A5) -> 7 | C5: =B5/COUNT(员工资料统计表!$A$4:$A$30) -> 0.25925926 | D5: =COUNTIFS(员工资料统计表!$B$4:$B$30,$A5,员工资料统计表!$L$4:$L$30,$D$3) -> 1 | E5: =COUNTIFS(员工资料统计表!$B$4:$B$30,$A5,员工资料统计表!$L$4:$L$30,E$3) -> 5 | F5: =COUNTIFS(员工资料统计表!$B$4:$B$30,$A5,员工资料统计表!$L$4:$L$30,F$3) -> 1
A6: 生产部 | B6: =COUNTIF(员工资料统计表!$B$2:$B$30,A6) -> 5 | C6: =B6/COUNT(员工资料统计表!$A$4:$A$30) -> 0.18518519 | D6: =COUNTIFS(员工资料统计表!$B$4:$B$30,$A6,员工资料统计表!$L$4:$L$30,$D$3) -> 1 | E6: =COUNTIFS(员工资料统计表!$B$4:$B$30,$A6,员工资料统计表!$L$4:$L$30,E$3) -> 3 | F6: =COUNTIFS(员工资料统计表!$B$4:$B$30,$A6,员工资料统计表!$L$4:$L$30,F$3) -> 1
A7: 财务部 | B7: =COUNTIF(员工资料统计表!$B$2:$B$30,A7) -> 5 | C7: =B7/COUNT(员工资料统计表!$A$4:$A$30) -> 0.18518519 | D7: =COUNTIFS(员工资料统计表!$B$4:$B$30,$A7,员工资料统计表!$L$4:$L$30,$D$3) -> 1 | E7: =COUNTIFS(员工资料统计表!$B$4:$B$30,$A7,员工资料统计表!$L$4:$L$30,E$3) -> 2 | F7: =COUNTIFS(员工资料统计表!$B$4:$B$30,$A7,员工资料统计表!$L$4:$L$30,F$3) -> 2
