Workbook

Sheet 员工工资表
A1: 2021年11月份员工工资统计表
A2: 姓名 | B2: 性别 | C2: 年龄 | D2: 职务 | E2: 应发工资 | F2: 加班时长 | G2: 加班总费用 | H2: 实发工资 | I2: 评价
A3: 李琴 | B3: 女 | C3: 22 | D3: 会计 | E3: 1300 | F3: 2 | G3: =VLOOKUP(D3,加班费!$A$1:$B$5,2,0)*F3 -> 50 | H3: =E3+G3 -> 1350 | I3: =IF(F3>2.5,"优秀","加油干") -> 加油干
A4: 王小雪 | B4: 女 | C4: 20 | D4: 会计 | E4: 1250 | F4: 1.5 | G4: =VLOOKUP(D4,加班费!$A$1:$B$5,2,0)*F4 -> 37.5 | H4: =E4+G4 -> 1287.5 | I4: =IF(F4>=2.5,"优秀","加油干") -> 加油干
A5: 张妍 | B5: 女 | C5: 21 | D5: 销售员 | E5: 1200 | F5: 2 | G5: =VLOOKUP(D5,加班费!$A$1:$B$5,2,0)*F5 -> 60 | H5: =E5+G5 -> 1260 | I5: =IF(F5>=2.5,"优秀","加油干") -> 加油干
A6: 雷云东 | B6: 男 | C6: 25 | D6: 销售员 | E6: 1100 | F6: 3 | G6: =VLOOKUP(D6,加班费!$A$1:$B$5,2,0)*F6 -> 90 | H6: =E6+G6 -> 1190 | I6: =IF(F6>=2.5,"优秀","加油干") -> 优秀
A7: 王海涛 | B7: 男 | C7: 24 | D7: 采购员 | E7: 1260 | F7: 1.5 | G7: =VLOOKUP(D7,加班费!$A$1:$B$5,2,0)*F7 -> 52.5 | H7: =E7+G7 -> 1312.5 | I7: =IF(F7>=2.5,"优秀","加油干") -> 加油干 | K7: 女员工平均年龄
A8: 刘畅 | B8: 男 | C8: 23 | D8: 经理 | E8: 1350 | F8: 2 | G8: =VLOOKUP(D8,加班费!$A$1:$B$5,2,0)*F8 -> 40 | H8: =E8+G8 -> 1390 | I8: =IF(F8>=2.5,"优秀","加油干") -> 加油干 | K8: =SUMIF($B$3:$B$16,"女",C3:C16)/COUNTIF(B3:B16,"女") -> 21
A9: 李斯 | B9: 男 | C9: 26 | D9: 采购员 | E9: 1250 | F9: 2 | G9: =VLOOKUP(D9,加班费!$A$1:$B$5,2,0)*F9 -> 70 | H9: =E9+G9 -> 1320 | I9: =IF(F9>=2.5,"优秀","加油干") -> 加油干 | K9: 男员工平均年龄
A10: 苏小北 | B10: 女 | C10: 21 | D10: 销售员 | E10: 1050 | F10: 4 | G10: =VLOOKUP(D10,加班费!$A$1:$B$5,2,0)*F10 -> 120 | H10: =E10+G10 -> 1170 | I10: =IF(F10>=2.5,"优秀","加油干") -> 优秀 | K10: =SUMIF($B$3:$B$16,"男",C3:C16)/COUNTIF(B3:B16,"男") -> 23.111111
A11: 封信 | B11: 男 | C11: 20 | D11: 销售员 | E11: 1500 | F11: 3 | G11: =VLOOKUP(D11,加班费!$A$1:$B$5,2,0)*F11 -> 90 | H11: =E11+G11 -> 1590 | I11: =IF(F11>=2.5,"优秀","加油干") -> 优秀
A12: 封铭朗 | B12: 男 | C12: 20 | D12: 会计 | E12: 1080 | F12: 2.5 | G12: =VLOOKUP(D12,加班费!$A$1:$B$5,2,0)*F12 -> 62.5 | H12: =E12+G12 -> 1142.5 | I12: =IF(F12>=2.5,"优秀","加油干") -> 优秀
A13: 沈佳亮 | B13: 男 | C13: 22 | D13: 采购员 | E13: 1180 | F13: 1 | G13: =VLOOKUP(D13,加班费!$A$1:$B$5,2,0)*F13 -> 35 | H13: =E13+G13 -> 1215 | I13: =IF(F13>=2.5,"优秀","加油干") -> 加油干
A14: 王娜娜 | B14: 女 | C14: 21 | D14: 销售员 | E14: 1220 | F14: 2.5 | G14: =VLOOKUP(D14,加班费!$A$1:$B$5,2,0)*F14 -> 75 | H14: =E14+G14 -> 1295 | I14: =IF(F14>=2.5,"优秀","加油干") -> 优秀
A15: 苏华阳 | B15: 男 | C15: 25 | D15: 采购员 | E15: 1350 | F15: 3 | G15: =VLOOKUP(D15,加班费!$A$1:$B$5,2,0)*F15 -> 105 | H15: =E15+G15 -> 1455 | I15: =IF(F15>=2.5,"优秀","加油干") -> 优秀
A16: 陈晓凯 | B16: 男 | C16: 23 | D16: 会计 | E16: 1200 | F16: 2.5 | G16: =VLOOKUP(D16,加班费!$A$1:$B$5,2,0)*F16 -> 62.5 | H16: =E16+G16 -> 1262.5 | I16: =IF(F16>=2.5,"优秀","加油干") -> 优秀

Sheet 加班费
A1: 加班费（每小时）
A2: 会计 | B2: 25
A3: 销售员 | B3: 30
A4: 经理 | B4: 20
A5: 采购员 | B5: 35

Sheet 筛选
D1: 应发工资
D2: >=1200
A3: 姓名 | B3: 性别 | C3: 年龄 | D3: 职务 | E3: 应发工资 | F3: 加班时长 | G3: 加班总费用 | H3: 实发工资
A4: 李琴 | B4: 女 | C4: 22 | D4: 会计 | E4: 1300 | F4: 2 | G4: 50 | H4: 1350
A5: 王小雪 | B5: 女 | C5: 20 | D5: 会计 | E5: 1250 | F5: 1.5 | G5: 37.5 | H5: 1287.5
A6: 张妍 | B6: 女 | C6: 21 | D6: 销售员 | E6: 1200 | F6: 2 | G6: 60 | H6: 1260
A7: 雷云东 | B7: 男 | C7: 25 | D7: 销售员 | E7: 1100 | F7: 3 | G7: 90 | H7: 1190
A8: 王海涛 | B8: 男 | C8: 24 | D8: 采购员 | E8: 1260 | F8: 1.5 | G8: 52.5 | H8: 1312.5
A9: 刘畅 | B9: 男 | C9: 23 | D9: 经理 | E9: 1350 | F9: 2 | G9: 40 | H9: 1390
A10: 李斯 | B10: 男 | C10: 26 | D10: 采购员 | E10: 1250 | F10: 2 | G10: 70 | H10: 1320
A11: 苏小北 | B11: 女 | C11: 21 | D11: 销售员 | E11: 1050 | F11: 4 | G11: 120 | H11: 1170
A12: 封信 | B12: 男 | C12: 20 | D12: 销售员 | E12: 1500 | F12: 3 | G12: 90 | H12: 1590
A13: 封铭朗 | B13: 男 | C13: 20 | D13: 会计 | E13: 1080 | F13: 2.5 | G13: 62.5 | H13: 1142.5
A14: 沈佳亮 | B14: 男 | C14: 22 | D14: 采购员 | E14: 1180 | F14: 1 | G14: 35 | H14: 1215
A15: 王娜娜 | B15: 女 | C15: 21 | D15: 销售员 | E15: 1220 | F15: 2.5 | G15: 75 | H15: 1295
... A17: 陈晓凯 | B17: 男 | C17: 23 | D17: 会计 | E17: 1200 | F17: 2.5 | G17: 62.5 | H17: 1262.5
