Workbook
Name 入职日期: 员工信息表!$D$2:$D$11

Sheet Sheet1
B2: 姓名 | C2: 学历 | D2: 部门 | E2: 基本工资 | F2: 绩效工资 | G2: 奖金 | H2: 补贴 | I2: 实发工资 | J2: 电子邮件 | K2: 入职日期 | L2: 联系方式
B3: 赵六 | C3: 硕士 | D3: =VLOOKUP(B3,员工信息表!A:C,3,FALSE) -> 销售部 | E3: 15000 | F3: 2000 | G3: 1000 | H3: 500 | I3: =SUM(E3:H3) -> 18500 | J3: zhangsan@xx.com | K3: {=入职日期} -> 43235
B4: 张三 | C4: 博士 | D4: =VLOOKUP(B4,员工信息表!A:C,3,FALSE) -> 技术部 | E4: 12000 | F4: 1500 | G4: 800 | H4: 400 | I4: =SUM(E4:H4) -> 14700 | J4: lisi@xx.com | K4: 43516
B5: 张飞 | C5: 本科 | D5: =VLOOKUP(B5,员工信息表!A:C,3,FALSE) -> 技术部 | E5: 13000 | F5: 1800 | G5: 900 | H5: 450 | I5: =SUM(E5:H5) -> 16150 | J5: wangwu@xx.com | K5: 42988
B6: 小明 | C6: 硕士 | D6: =VLOOKUP(B6,员工信息表!A:C,3,FALSE) -> 财务部 | E6: 14000 | F6: 1900 | G6: 950 | H6: 480 | I6: =SUM(E6:H6) -> 17330 | J6: zhaoliu@xx.com | K6: 42704
B7: 小美 | C7: 大专 | D7: =VLOOKUP(B7,员工信息表!A:C,3,FALSE) -> 设计部 | E7: 11000 | F7: 1400 | G7: 700 | H7: 350 | I7: =SUM(E7:H7) -> 13450 | J7: xiaohong@xx.com | K7: 44048
B8: 小红 | C8: 大专 | D8: =VLOOKUP(B8,员工信息表!A:C,3,FALSE) -> 设计部 | E8: 12500 | F8: 1600 | G8: 850 | H8: 420 | I8: =SUM(E8:H8) -> 15370 | J8: xiaoming@xx.com | K8: 43293
B9: 王五 | C9: 本科 | D9: =VLOOKUP(B9,员工信息表!A:C,3,FALSE) -> 销售部 | E9: 11500 | F9: 1500 | G9: 750 | H9: 380 | I9: =SUM(E9:H9) -> 14130 | J9: xiaomei@xx.com | K9: 43580
B10: 李四 | C10: 本科 | D10: =VLOOKUP(B10,员工信息表!A:C,3,FALSE) -> 财务部 | E10: 13500 | F10: 1700 | G10: 880 | H10: 430 | I10: =SUM(E10:H10) -> 16510 | J10: zhangfei@xx.com | K10: 42812
B11: 贾宝玉 | C11: 硕士 | D11: =VLOOKUP(B11,员工信息表!A:C,3,FALSE) -> 技术部 | E11: 18800 | F11: 1450 | G11: 720 | H11: 360 | I11: =SUM(E11:H11) -> 21330 | J11: guanyu@xx.com | K11: 43382
B12: 关羽 | C12: 中专 | D12: =VLOOKUP(B12,员工信息表!A:C,3,FALSE) -> 销售部 | E12: 8000 | F12: 0 | G12: 0 | H12: 0 | I12: =SUM(E12:H12) -> 8000 | J12: jiabaoyu@xx.com | K12: 44203

Sheet Sheet2
A1: 部门 | B1: (多项)
A3: 学历 | B3: 姓名 | C3: 求和项:绩效工资 | D3: 求和项:奖金
A4: 本科 | B4: 李四 | C4: 1700 | D4: 880
A5: 本科 | B5: 张飞 | C5: 1800 | D5: 900
A6: 博士 | B6: 张三 | C6: 1500 | D6: 800
A7: 硕士 | B7: 贾宝玉 | C7: 1450 | D7: 720
A8: 硕士 | B8: 小明 | C8: 1900 | D8: 950
A9: 总计 | C9: 8350 | D9: 4250

Sheet 员工信息表
A1: 姓名 | B1: 学历 | C1: 部门 | D1: 日期
A2: 赵六 | B2: 硕士 | C2: 销售部 | D2: 43235
A3: 张三 | B3: 本科 | C3: 技术部 | D3: 43516
A4: 张飞 | B4: 硕士 | C4: 技术部 | D4: 42988
A5: 小明 | B5: 硕士 | C5: 财务部 | D5: 42704
A6: 小美 | B6: 本科 | C6: 设计部 | D6: 44048
A7: 小红 | B7: 本科 | C7: 设计部 | D7: 43293
A8: 王五 | B8: 大专 | C8: 销售部 | D8: 43580
A9: 李四 | B9: 中专 | C9: 财务部 | D9: 42812
A10: 贾宝玉 | B10: 博士 | C10: 技术部 | D10: 43382
A11: 关羽 | B11: 大专 | C11: 销售部 | D11: 44203

Sheet Sheet3
