Workbook

Sheet 员工信息
A1: 12月员工工资表
A2: 编号 | B2: 姓名 | C2: 性别 | D2: 年龄 | E2: 省市 | F2: 部门 | G2: 工号 | H2: 考核成绩 | I2: 等级 | J2: 出勤天数 | K2: 奖金 | L2: 月薪
A3: A001 | B3: 姓名1 | C3: 男 | D3: 25 | E3: 湖南省长沙市 | F3: =VLOOKUP(LEFT(A3,1)&MID(A3,3,1),部门!$A$1:$B$5,2,0) -> 技术部 | G3: 29 | H3: 60 | I3: =IF(H3<60,"D",IF(H3<70,"C",IF(H3<80,"B","A"))) -> C | J3: 21 | K3: =_xlfn.IFS(I3="A",500,I3="B",300,I3="C",200,I3="D",100) -> 200 | L3: =3000+J3*320+K3 -> 9920
A4: A002 | B4: 姓名2 | C4: 男 | D4: 23 | E4: 吉林省长春市 | F4: =VLOOKUP(LEFT(A4,1)&MID(A4,3,1),部门!$A$1:$B$5,2,0) -> 技术部 | G4: 10 | H4: 88 | I4: =IF(H4<60,"D",IF(H4<70,"C",IF(H4<80,"B","A"))) -> A | J4: 22 | K4: =_xlfn.IFS(I4="A",500,I4="B",300,I4="C",200,I4="D",100) -> 500 | L4: =3000+J4*320+K4 -> 10540
A5: A003 | B5: 姓名3 | C5: 女 | D5: 22 | E5: 辽宁省沈阳市 | F5: =VLOOKUP(LEFT(A5,1)&MID(A5,3,1),部门!$A$1:$B$5,2,0) -> 技术部 | G5: 2 | H5: 67 | I5: =IF(H5<60,"D",IF(H5<70,"C",IF(H5<80,"B","A"))) -> C | J5: 24 | K5: =_xlfn.IFS(I5="A",500,I5="B",300,I5="C",200,I5="D",100) -> 200 | L5: =3000+J5*320+K5 -> 10880
A6: A004 | B6: 姓名4 | C6: 男 | D6: 40 | E6: 江苏省南京市 | F6: =VLOOKUP(LEFT(A6,1)&MID(A6,3,1),部门!$A$1:$B$5,2,0) -> 技术部 | G6: 1 | H6: 65 | I6: =IF(H6<60,"D",IF(H6<70,"C",IF(H6<80,"B","A"))) -> C | J6: 21 | K6: =_xlfn.IFS(I6="A",500,I6="B",300,I6="C",200,I6="D",100) -> 200 | L6: =3000+J6*320+K6 -> 9920
A7: A005 | B7: 姓名5 | C7: 女 | D7: 30 | E7: 四川省成都市 | F7: =VLOOKUP(LEFT(A7,1)&MID(A7,3,1),部门!$A$1:$B$5,2,0) -> 技术部 | G7: 15 | H7: 94 | I7: =IF(H7<60,"D",IF(H7<70,"C",IF(H7<80,"B","A"))) -> A | J7: 24 | K7: =_xlfn.IFS(I7="A",500,I7="B",300,I7="C",200,I7="D",100) -> 500 | L7: =3000+J7*320+K7 -> 11180
A8: A011 | B8: 姓名6 | C8: 男 | D8: 29 | E8: 湖北省武汉市 | F8: =VLOOKUP(LEFT(A8,1)&MID(A8,3,1),部门!$A$1:$B$5,2,0) -> 财务部 | G8: 22 | H8: 71 | I8: =IF(H8<60,"D",IF(H8<70,"C",IF(H8<80,"B","A"))) -> B | J8: 22 | K8: =_xlfn.IFS(I8="A",500,I8="B",300,I8="C",200,I8="D",100) -> 300 | L8: =3000+J8*320+K8 -> 10340
A9: A012 | B9: 姓名7 | C9: 男 | D9: 25 | E9: 吉林省长春市 | F9: =VLOOKUP(LEFT(A9,1)&MID(A9,3,1),部门!$A$1:$B$5,2,0) -> 财务部 | G9: 21 | H9: 53 | I9: =IF(H9<60,"D",IF(H9<70,"C",IF(H9<80,"B","A"))) -> D | J9: 22 | K9: =_xlfn.IFS(I9="A",500,I9="B",300,I9="C",200,I9="D",100) -> 100 | L9: =3000+J9*320+K9 -> 10140
A10: A013 | B10: 姓名8 | C10: 男 | D10: 32 | E10: 四川省成都市 | F10: =VLOOKUP(LEFT(A10,1)&MID(A10,3,1),部门!$A$1:$B$5,2,0) -> 财务部 | G10: 4 | H10: 85 | I10: =IF(H10<60,"D",IF(H10<70,"C",IF(H10<80,"B","A"))) -> A | J10: 20 | K10: =_xlfn.IFS(I10="A",500,I10="B",300,I10="C",200,I10="D",100) -> 500 | L10: =3000+J10*320+K10 -> 9900
A11: A014 | B11: 姓名9 | C11: 女 | D11: 23 | E11: 吉林省长春市 | F11: =VLOOKUP(LEFT(A11,1)&MID(A11,3,1),部门!$A$1:$B$5,2,0) -> 财务部 | G11: 17 | H11: 97 | I11: =IF(H11<60,"D",IF(H11<70,"C",IF(H11<80,"B","A"))) -> A | J11: 19 | K11: =_xlfn.IFS(I11="A",500,I11="B",300,I11="C",200,I11="D",100) -> 500 | L11: =3000+J11*320+K11 -> 9580
A12: A015 | B12: 姓名10 | C12: 女 | D12: 30 | E12: 吉林省长春市 | F12: =VLOOKUP(LEFT(A12,1)&MID(A12,3,1),部门!$A$1:$B$5,2,0) -> 财务部 | G12: 3 | H12: 57 | I12: =IF(H12<60,"D",IF(H12<70,"C",IF(H12<80,"B","A"))) -> D | J12: 19 | K12: =_xlfn.IFS(I12="A",500,I12="B",300,I12="C",200,I12="D",100) -> 100 | L12: =3000+J12*320+K12 -> 9180
A13: A016 | B13: 姓名11 | C13: 男 | D13: 38 | E13: 四川省成都市 | F13: =VLOOKUP(LEFT(A13,1)&MID(A13,3,1),部门!$A$1:$B$5,2,0) -> 财务部 | G13: 13 | H13: 89 | I13: =IF(H13<60,"D",IF(H13<70,"C",IF(H13<80,"B","A"))) -> A | J13: 22 | K13: =_xlfn.IFS(I13="A",500,I13="B",300,I13="C",200,I13="D",100) -> 500 | L13: =3000+J13*320+K13 -> 10540
A14: A017 | B14: 姓名12 | C14: 女 | D14: 37 | E14: 湖北省武汉市 | F14: =VLOOKUP(LEFT(A14,1)&MID(A14,3,1),部门!$A$1:$B$5,2,0) -> 财务部 | G14: 8 | H14: 79 | I14: =IF(H14<60,"D",IF(H14<70,"C",IF(H14<80,"B","A"))) -> B | J14: 22 | K14: =_xlfn.IFS(I14="A",500,I14="B",300,I14="C",200,I14="D",100) -> 300 | L14: =3000+J14*320+K14 -> 10340
... A31: A037 | B31: 姓名29 | C31: 男 | D31: 33 | E31: 四川省成都市 | F31: =VLOOKUP(LEFT(A31,1)&MID(A31,3,1),部门!$A$1:$B$5,2,0) -> 管理部 | G31: 14 | H31: 50 | I31: =IF(H31<60,"D",IF(H31<70,"C",IF(H31<80,"B","A"))) -> D | J31: 18 | K31: =_xlfn.IFS(I31="A",500,I31="B",300,I31="C",200,I31="D",100) -> 100 | L31: =3000+J31*320+K31 -> 8860

Sheet 部门
A1: 编号 | B1: 部门
A2: A0 | B2: 技术部
A3: A1 | B3: 财务部
A4: A2 | B4: 销售部
A5: A3 | B5: 管理部

Sheet 数据表
C2: 求和项:月薪 | D2: 部门
C3: 省市 | D3: 技术部 | E3: 销售部 | F3: 管理部 | G3: 财务部 | H3: 总计
C4: 福建省厦门市 | E4: 19080 | H4: 19080
C5: 广东省深圳市 | F5: 9820 | H5: 9820
C6: 贵州省贵阳市 | F6: 11180 | H6: 11180
C7: 湖北省武汉市 | E7: 10560 | F7: 10880 | G7: 20680 | H7: 42120
C8: 湖南省长沙市 | D8: 9920 | F8: 19820 | G8: 8860 | H8: 38600
C9: 吉林省长春市 | D9: 10540 | G9: 28900 | H9: 39440
C10: 江苏省南京市 | D10: 9920 | E10: 18980 | H10: 28900
C11: 辽宁省沈阳市 | D11: 10880 | G11: 9900 | H11: 20780
C12: 山东省青岛市 | E12: 19620 | F12: 9900 | H12: 29520
C13: 四川省成都市 | D13: 11180 | E13: 9380 | F13: 8860 | G13: 20440 | H13: 49860
C14: 总计 | D14: 52440 | E14: 77620 | F14: 70460 | G14: 88780 | H14: 289300
