Workbook

Sheet 商品信息
A1: 业务类别 | B1: 过帐日期 | C1: 采购凭证 | D1: 商品凭证 | E1: 商品凭证项目 | F1: 商品编码 | G1: 商品名称 | H1: 数量 | I1: 基本计量单位 | J1: 净额 | K1: 税额 | L1: 金额合计 | M1: 税码 | N1: 凭证编号 | O1: 对账单号码
A2: 采购业务-进货 | B2: 43407 | C2: 4501390726 | D2: 5001256749 | E2: 1 | F2: 11088351 | G2: =VLOOKUP(F2,商品编码!$A:$B,2,0) -> 欣和黄豆酱 | H2: 6 | I2: EA | J2: 45.64 | K2: 7.76 | L2: 53.4 | M2: J1 | N2: 3100167293 | O2: 3100004263
A3: 采购业务-进货 | B3: 43407 | C3: 4501390726 | D3: 5001256749 | E3: 2 | F3: 10013885 | G3: =VLOOKUP(F3,商品编码!$A:$B,2,0) -> 李锦记草菇老抽 | H3: 12 | I3: EA | J3: 63.59 | K3: 10.81 | L3: 74.4 | M3: J1 | N3: 3100167293 | O3: 3100004263
A4: 采购业务-进货 | B4: 43407 | C4: 4501390726 | D4: 5001256749 | E4: 3 | F4: 10013888 | G4: =VLOOKUP(F4,商品编码!$A:$B,2,0) -> 李锦记泰式甜辣酱 | H4: 12 | I4: EA | J4: 109.85 | K4: 18.67 | L4: 128.52 | M4: J1 | N4: 3100167293 | O4: 3100004263
A5: 采购业务-进货 | B5: 43407 | C5: 4501390726 | D5: 5001256749 | E5: 4 | F5: 10200617 | G5: =VLOOKUP(F5,商品编码!$A:$B,2,0) -> 欣和六月香豆瓣酱 | H5: 6 | I5: EA | J5: 97.44 | K5: 16.56 | L5: 114 | M5: J1 | N5: 3100167293 | O5: 3100004263
A6: 采购业务-进货 | B6: 43407 | C6: 4501390726 | D6: 5001256749 | E6: 5 | F6: 10013642 | G6: =VLOOKUP(F6,商品编码!$A:$B,2,0) -> 味好美瓶装黑胡椒粉 | H6: 12 | I6: EA | J6: 109.74 | K6: 18.66 | L6: 128.4 | M6: J1 | N6: 3100167293 | O6: 3100004263
A7: 采购业务-进货 | B7: 43407 | C7: 4501390726 | D7: 5001256749 | E7: 6 | F7: 10205020 | G7: =VLOOKUP(F7,商品编码!$A:$B,2,0) -> 古龙鲭鱼罐头 | H7: 12 | I7: EA | J7: 93.33 | K7: 15.87 | L7: 109.2 | M7: J1 | N7: 3100167293 | O7: 3100004263
A8: 采购业务-进货 | B8: 43407 | C8: 4501390726 | D8: 5001256749 | E8: 7 | F8: 10200612 | G8: =VLOOKUP(F8,商品编码!$A:$B,2,0) -> 欣和伴侣酱油 | H8: 6 | I8: EA | J8: 132.82 | K8: 22.58 | L8: 155.4 | M8: J1 | N8: 3100167293 | O8: 3100004263
A9: 采购业务-进货 | B9: 43407 | C9: 4501390726 | D9: 5001256749 | E9: 8 | F9: 10597317 | G9: =VLOOKUP(F9,商品编码!$A:$B,2,0) -> 葱伴侣六月香黄豆酱桶装 | H9: 6 | I9: EA | J9: 110.26 | K9: 18.74 | L9: 129 | M9: J1 | N9: 3100167293 | O9: 3100004263
A10: 采购业务-进货 | B10: 43407 | C10: 4501390726 | D10: 5001256749 | E10: 9 | F10: 10621681 | G10: =VLOOKUP(F10,商品编码!$A:$B,2,0) -> 古龙香辣茄汁沙丁鱼 | H10: 12 | I10: EA | J10: 93.33 | K10: 15.87 | L10: 109.2 | M10: J1 | N10: 3100167293 | O10: 3100004263
A11: 采购业务-进货 | B11: 43407 | C11: 4501390726 | D11: 5001256749 | E11: 10 | F11: 10268636 | G11: =VLOOKUP(F11,商品编码!$A:$B,2,0) -> 味好美研磨瓶黑胡椒粒 | H11: 24 | I11: EA | J11: 293.33 | K11: 49.87 | L11: 343.2 | M11: J1 | N11: 3100167293 | O11: 3100004263
A12: 采购业务-进货 | B12: 43408 | C12: 4501390726 | D12: 5001256749 | E12: 11 | F12: 10270752 | G12: =VLOOKUP(F12,商品编码!$A:$B,2,0) -> 味好美番茄沙司 | H12: 12 | I12: EA | J12: 60.51 | K12: 10.29 | L12: 70.8 | M12: J1 | N12: 3100167293 | O12: 3100004263
A13: 采购业务-进货 | B13: 43408 | C13: 4501390726 | D13: 5001256749 | E13: 12 | F13: 10268626 | G13: =VLOOKUP(F13,商品编码!$A:$B,2,0) -> 味好美鱼香肉丝调料 | H13: 15 | I13: EA | J13: 33.33 | K13: 5.67 | L13: 39 | M13: J1 | N13: 3100167293 | O13: 3100004263
... A100: 厂家直供-进货 | B100: 43412 | C100: 4501390348 | D100: 5001259402 | E100: 1 | F100: 11096854 | G100: =VLOOKUP(F100,商品编码!$A:$B,2,0) -> 味好美意大利面酱挤挤装 | H100: 24 | I100: EA | J100: 172.31 | K100: 29.29 | L100: 201.6 | M100: J1 | N100: 3100168437 | O100: 3100004263

Sheet 商品编码
A1: 商品编码 | B1: 商品名称
A2: 10597317 | B2: 葱伴侣六月香黄豆酱桶装
A3: 10200915 | B3: 五谷道场海带排骨面
A4: 10270753 | B4: 味好美番茄沙司挤挤装
A5: 11132557 | B5: 卡夫果珍畅享甜橙味固体饮料35g*5
A6: 11083708 | B6: 康师傅蛋酥卷精品礼盒700g
A7: 11096854 | B7: 味好美意大利面酱挤挤装
A8: 10270321 | B8: 李锦记天成一味特级鲜酱油
A9: 10200615 | B9: 葱伴侣豆瓣酱
A10: 11102938 | B10: 洽洽好南仁南瓜子茉莉花茶味216g
A11: 11173266 | B11: 妙卡奥利奥饼干碎融情牛奶巧克力36g
A12: 10269849 | B12: 欣和葱伴侣黄豆酱
A13: 11153070 | B13: 奥利奥巧克棒27条奶香巧克力味345.6g
... A263: 10205022 | B263: 古龙午餐肉

Sheet Sheet3
A1: 商品名称 | B1: 总数量 | C1: 占比
A2: 欣和 | B2: =SUMIF(商品信息!$G$2:$G$100,"欣和*",商品信息!$H$2:$H$100) -> 248 | C2: =SUMIF(商品信息!$G$2:$G$100,"欣和*",商品信息!$H$2:$H$100)/SUM(商品信息!$H$2:$H$100) -> 0.11017326
A3: 李锦记 | B3: =SUMIF(商品信息!$G$2:$G$100,"李锦记*",商品信息!$H$2:$H$100) -> 322 | C3: =SUMIF(商品信息!$G$2:$G$100,"李锦记*",商品信息!$H$2:$H$100)/SUM(商品信息!$H$2:$H$100) -> 0.14304753
A4: 味好美 | B4: =SUMIF(商品信息!$G$2:$G$100,"味好美*",商品信息!$H$2:$H$100) -> 1111 | C4: =SUMIF(商品信息!$G$2:$G$100,"味好美*",商品信息!$H$2:$H$100)/SUM(商品信息!$H$2:$H$100) -> 0.49355842
A5: 古龙 | B5: =SUMIF(商品信息!$G$2:$G$100,"古龙*",商品信息!$H$2:$H$100) -> 204 | C5: =SUMIF(商品信息!$G$2:$G$100,"古龙*",商品信息!$H$2:$H$100)/SUM(商品信息!$H$2:$H$100) -> 0.090626388
A6: 五谷道场 | B6: =SUMIF(商品信息!$G$2:$G$100,"五谷道场*",商品信息!$H$2:$H$100) -> 192 | C6: =SUMIF(商品信息!$G$2:$G$100,"五谷道场*",商品信息!$H$2:$H$100)/SUM(商品信息!$H$2:$H$100) -> 0.085295424
A7: 300g六月香 | B7: =SUMIF(商品信息!$G$2:$G$100,"300g六月香*",商品信息!$H$2:$H$100) -> 24 | C7: =SUMIF(商品信息!$G$2:$G$100,"300g六月香*",商品信息!$H$2:$H$100)/SUM(商品信息!$H$2:$H$100) -> 0.010661928
A8: 六月香 | B8: =SUMIF(商品信息!$G$2:$G$100,"六月香*",商品信息!$H$2:$H$100) -> 12 | C8: =SUMIF(商品信息!$G$2:$G$100,"六月香*",商品信息!$H$2:$H$100)/SUM(商品信息!$H$2:$H$100) -> 0.005330964
I10: 求和项:金额合计 | J10: 业务类别
I11: 过帐日期 | J11: 采购业务-进货 | K11: 厂家直供-进货 | L11: 总计
I12: 43407 | J12: 1344.72 | L12: 1344.72
I13: 43408 | J13: 1594.55 | L13: 1594.55
I14: 43409 | J14: 2672.62 | L14: 2672.62
I15: 43410 | J15: 1111.21 | K15: 3977.52 | L15: 5088.73
I16: 43411 | K16: 4145.6 | L16: 4145.6
I17: 43412 | K17: 3585.97 | L17: 3585.97
I18: 总计 | J18: 6723.1 | K18: 11709.09 | L18: 18432.19
